<?xml version="1.0" encoding="UTF-8"?>
<AcknowledgeEPMParticipant 
             systemEnvironmentCode="Production" 
             releaseID="3.2"  
             languageCode="en-US" 
             xsi:schemaLocation="http://www.hr-xml.org/3 ../Developer/BODs/AcknowledgeEPMParticipant.xsd" 
             xmlns="http://www.hr-xml.org/3" 
             xmlns:oa="http://www.openapplications.org/oagis/9" 
             xmlns:xsi="http://www.w3.org/2001/XMLSchema-instance">
	<oa:ApplicationArea>
		<oa:CreationDateTime>2009-08-13T10:09:03.47Z</oa:CreationDateTime>
	</oa:ApplicationArea>
	<DataArea>
		<oa:Acknowledge>
			<oa:OriginalApplicationArea>
				<oa:CreationDateTime>2009-08-13T10:09:02.01Z</oa:CreationDateTime>
			</oa:OriginalApplicationArea>
			<oa:ResponseCriteria>
			<oa:ResponseExpression actionCode="Accepted">/AcknowledgeEPMParticipant/DataArea/EPMParticipant</oa:ResponseExpression>
			</oa:ResponseCriteria>
		</oa:Acknowledge>
		<EPMParticipant validFrom="2009-08-13" majorVersionID="1" minorVersionID="0">
			<DocumentID>555-44-1111a</DocumentID>
		</EPMParticipant>
	</DataArea>
</AcknowledgeEPMParticipant>
<!--


Copyright The HR-XML Consortium. All Rights Reserved. http://www.hr-xml.org 
Copyright (c) 1997-2011 Open Applications Group, Inc. All Rights Reserved 
-->
