<!-- In the following Notify BOD snippit, the status is modified and signature date is added.  -->
<NotifyStaffingAssignment>
	<DataArea>
		<oa:Notify>
			<oa:ActionCriteria>
				<oa:ActionExpression actionCode="Modified">/NotifyStaffingAssignment/DataArea/StaffingAssignment/StaffingContractDetails/ContractStatusCode</oa:ActionExpression>
			</oa:ActionCriteria>
			<oa:ActionCriteria>
				<oa:ActionExpression actionCode="Add">/NotifyStaffingAssignment/DataArea/StaffingAssignment/StaffingContractDetails/SignatureDate</oa:ActionExpression>
			</oa:ActionCriteria>
		</oa:Notify>
	</DataArea>
</NotifyStaffingAssignment>

<!-- The following Process BOD snippet processes section 3 of the I9 document. -->
<ProcessEmploymentEligibilityI-9>
	<DataArea>
		<oa:Process>
			<oa:ActionCriteria>
				<oa:ActionExpression actionCode="Add">/ProcessEmploymentEligibilityI-9/DataArea/EmploymentEligibilityI-9/I-9Form/Section3</oa:ActionExpression>
			</oa:ActionCriteria>
		</oa:Process>
	</DataArea>
</ProcessEmploymentEligibilityI-9>

<!-- The following Show BOD snippet specifies that the Get document was accepted and Show returned based on the Document ID. -->
<ShowScreeningCatalogReport>
	<DataArea>
		<oa:Show>
			<oa:ResponseCriteria>
				<oa:ResponseExpression actionCode="Accepted">/ShowScreeningCatalogReport/DataArea/ScreeningCatalogReport/DocumentID</oa:ResponseExpression>
			</oa:ResponseCriteria>
		</oa:Show>
	</DataArea>
</ShowScreeningCatalogReport>