<SyncScreeningCatalogReport >
	<oa:ApplicationArea>
		<oa:BODID>983765</oa:BODID>
	</oa:ApplicationArea>
	<DataArea>
		<oa:Sync>
			<oa:ActionCriteria>
				<oa:ActionExpression actionCode="Replace"></oa:ActionExpression>
			</oa:ActionCriteria>
		</oa:Sync>
	</DataArea>
</SyncScreeningCatalogReport>

<!--The ConfirmBOD uses the original BODID to tie back to the BODID of the SyncScreeningCatalogReport. -->
<oa:ConfirmBOD>
	<oa:ApplicationArea>
		<oa:BODID>123-983765</oa:BODID>
	</oa:ApplicationArea>
	<oa:DataArea>
		<oa:Confirm>
			<oa:ResponseCriteria>
				<oa:ResponseExpression actionCode="Accepted">/oa:ConfirmBOD/oa:DataArea/oa:BOD/oa:OriginalApplicationArea/oa:BODID</oa:ResponseExpression>
			</oa:ResponseCriteria>
		</oa:Confirm>
		<oa:BOD>
			<oa:OriginalApplicationArea>
				<oa:BODID>983765</oa:BODID>
			</oa:OriginalApplicationArea>
		</oa:BOD>
	</oa:DataArea>
</oa:ConfirmBOD>