<GetScreeningCatalogOrder>
	<DataArea>
		<oa:Get>
			<oa:Expression>/GetScreeningCatalogOrder/DataArea/ScreeningCatalogOrder</oa:Expression>
		</oa:Get>
		<ScreeningCatalogOrder>
			<DocumentID>12345076</DocumentID>
		</ScreeningCatalogOrder>
	</DataArea>
</GetScreeningCatalogOrder>

<!--The ShowScreeningCatalogReport uses the DocumentID to tie back to the DocumentID of the GetScreeningCatalogOrder. -->
<ShowScreeningCatalogReport> 
	<DataArea>
		<oa:Show>
			<oa:ResponseCriteria>
				<oa:ResponseExpression actionCode="Accepted">/ShowScreeningCatalogReport/DataArea/ScreeningCatalogReport/DocumentID</oa:ResponseExpression>
			</oa:ResponseCriteria>
		</oa:Show>
		<ScreeningCatalogReport>
			<DocumentID>12345076</DocumentID>
		</ScreeningCatalogReport>
	</DataArea>
</ShowScreeningCatalogReport>