<?xml version="1.0" encoding="UTF-8"?>
<CancelAssessmentOrder 
                systemEnvironmentCode="Production" 
				releaseID="3.2" 
				languageCode="en-US" 
				 xsi:schemaLocation="http://www.hr-xml.org/3 ../Developer/BODs/CancelAssessmentOrder.xsd" 
				 xmlns="http://www.hr-xml.org/3" 
				 xmlns:oa="http://www.openapplications.org/oagis/9" 
				 xmlns:xsi="http://www.w3.org/2001/XMLSchema-instance">
	<oa:ApplicationArea>
		<oa:CreationDateTime>2008-11-11T12:10:10.10Z</oa:CreationDateTime>
	</oa:ApplicationArea>
	<DataArea>
		<oa:Cancel>
		<oa:ActionCriteria>
		<oa:ActionExpression actionCode="">/CancelAssessmentOrder/DataArea/AssessmentOrder</oa:ActionExpression>
			</oa:ActionCriteria>
		</oa:Cancel>
		<AssessmentOrder majorVersionID="1" minorVersionID="0">
		<DocumentID schemeID="Order ID">53RR20031618</DocumentID>
		</AssessmentOrder>
	</DataArea>
</CancelAssessmentOrder>
<!--


Copyright The HR-XML Consortium. All Rights Reserved. http://www.hr-xml.org 
Copyright (c) 1997-2011 Open Applications Group, Inc. All Rights Reserved 
-->
