<?xml version="1.0" encoding="UTF-8"?>
<Candidate xmlns="http://www.hr-xml.org/3" xmlns:ccts="urn:un:unece:uncefact:documentation:1.1" xmlns:xsi="http://www.w3.org/2001/XMLSchema-instance"  xmlns:oa="http://www.openapplications.org/oagis/9"             
xsi:schemaLocation="http://www.hr-xml.org/3 ../Developer/Nouns/Candidate.xsd" majorVersionID="1" minorVersionID="0">
	<DocumentID>1067482948</DocumentID>
	<CandidatePerson>
		<PersonName>
			<FormattedName>Andrea Johnson</FormattedName>
			<oa:GivenName>Andrea</oa:GivenName>
			<FamilyName>Johnson</FamilyName>
		</PersonName><Communication>
		<Address>
			<oa:AddressLine sequence="1">2341 Oaks Court</oa:AddressLine>
			<oa:CityName>Clear Springs</oa:CityName>
			<oa:CountrySubDivisionCode>GA</oa:CountrySubDivisionCode>
			<CountryCode>US</CountryCode>
			<oa:PostalCode>30127</oa:PostalCode>
		</Address></Communication>
		<Communication>
			<ChannelCode>Telephone</ChannelCode>
			<UseCode>Personal</UseCode>
			<oa:CountryDialing>1</oa:CountryDialing>
			<oa:AreaDialing>404</oa:AreaDialing>
			<oa:DialNumber>2234421</oa:DialNumber>
		</Communication>
		<Communication>
			<ChannelCode>MobileTelephone</ChannelCode>
			<UseCode>Personal</UseCode>
			<oa:CountryDialing>1</oa:CountryDialing>
			<oa:AreaDialing>404</oa:AreaDialing>
			<oa:DialNumber>2211041</oa:DialNumber>
		</Communication>
		<Communication>
			<ChannelCode>Email</ChannelCode>
			<UseCode>Personal</UseCode>
			<oa:Text>aj2341@aol.com</oa:Text>
		</Communication>
	</CandidatePerson>
	<CandidateProfile>
		<CandidateObjective>Objective here</CandidateObjective>
		<ExecutiveSummary>Summary here</ExecutiveSummary>
		<EmploymentHistory>
			<EmployerHistory>
				<OrganizationID>WH-0</OrganizationID>
				<OrganizationName>Wellness Healthcare</OrganizationName>
				<IndustryCode>MED</IndustryCode>
				<EmploymentPeriod>
					<StartDate>
						<DateText>1997-02</DateText>
					</StartDate>
					<CurrentIndicator>true</CurrentIndicator>
				</EmploymentPeriod>
				<PositionHistory>
					<PositionTitle>Chief Executive Officer</PositionTitle>
					<PositionLocation>
						<ReferenceLocation>
							<oa:CityName>Atlanta</oa:CityName>
							<oa:CountrySubDivisionCode>GA</oa:CountrySubDivisionCode>
							<CountryCode>US</CountryCode>
							<SpatialLocation>
								<Latitude>33.883327</Latitude>
								<Longitude>84.688671</Longitude>
							</SpatialLocation>
						</ReferenceLocation>
					</PositionLocation>
					<oa:Description>Small, private health care firm that owns and operates and manages five long-term health care and three retirement / assisted living facilities with annual operating budgets in excess of $20 million .</oa:Description>
					<JobCategoryCode>GEN</JobCategoryCode>
					<PersonCompetency>
						<CompetencyName>HEALTH CARE</CompetencyName>
					</PersonCompetency>
					<PersonCompetency>
						<CompetencyName>ASSISTED LIVING FACILITY</CompetencyName>
					</PersonCompetency>
				</PositionHistory>
			</EmployerHistory>
			<EmployerHistory>
				<OrganizationID>WH-1</OrganizationID>
				<OrganizationName>VeryNew Health Corporation</OrganizationName>
				<IndustryCode>MED</IndustryCode>
				<EmploymentPeriod>
					<StartDate>
						<DateText>1998-07</DateText>
					</StartDate>
					<EndDate>
						<DateText>1999-07</DateText>
					</EndDate>
				</EmploymentPeriod>
				<PositionHistory>
					<PositionTitle>President</PositionTitle>
					<PositionLocation>
						<ReferenceLocation>
							<oa:CityName>Atlanta</oa:CityName>
							<oa:CountrySubDivisionCode>GA</oa:CountrySubDivisionCode>
							<CountryCode>US</CountryCode>
							<SpatialLocation>
								<Latitude>33.883327</Latitude>
								<Longitude>84.688671</Longitude>
							</SpatialLocation>
						</ReferenceLocation>
					</PositionLocation>
					<oa:Description>Of public company providing residential care services including long- term care and retirement / assisted living operating in multiple states.</oa:Description>
					<JobCategoryCode>GEN</JobCategoryCode>
					<PersonCompetency>
						<CompetencyName>LONG TERM CARE</CompetencyName>
					</PersonCompetency>
				</PositionHistory>
			</EmployerHistory>
		</EmploymentHistory>
		<EducationHistory>
			<EducationOrganizationAttendance>
				<EducationOrganizationID>EH-0</EducationOrganizationID>
				<OrganizationName>University of Georgia</OrganizationName>
				<OrganizationContact>
					<Communication>
						<Address>
							<oa:CityName>Athens</oa:CityName>
							<oa:CountrySubDivisionCode>GA</oa:CountrySubDivisionCode>
							<CountryCode>US</CountryCode>
						</Address>
					</Communication>
				</OrganizationContact>
				<EducationLevelCode>UNVERSITY</EducationLevelCode>
				<AttendancePeriod>
					<StartDate>
						<DateText>1976</DateText>
					</StartDate>
					<EndDate>
						<DateText>1980</DateText>
					</EndDate>
				</AttendancePeriod>
				<EducationScore>
					<ScoreNumeric>4.0</ScoreNumeric>
				</EducationScore>
				<EducationDegree>
					<DegreeName>B.B.A</DegreeName>
					<DegreeTypeCode>bachelors</DegreeTypeCode>
					<DegreeDate>
						<FormattedDateTime>1980</FormattedDateTime>
					</DegreeDate>
					<DegreeMajor>
						<ProgramName>ACCOUNTING</ProgramName>
					</DegreeMajor>
					<DegreeMinor>
						<ProgramName>PHILOSOPHY</ProgramName>
					</DegreeMinor>
				</EducationDegree>
			</EducationOrganizationAttendance>
		</EducationHistory>
		<PersonQualifications>
			<PersonCompetency>
				<CompetencyName>Health Care Management</CompetencyName>
				<TaxonomyID schemeID="MED" schemeAgencyName="Resume Mirror">SKILLCAT</TaxonomyID>
				<TaxonomyID schemeID="WH-2" schemeAgencyName="Resume Mirror">RELATED TO</TaxonomyID>
				<ExperienceMeasure unitCode="years">8</ExperienceMeasure>
			</PersonCompetency>
			<PersonCompetency>
				<CompetencyName>Long Term Care</CompetencyName>
					<TaxonomyID schemeID="MED" schemeAgencyName="Resume Mirror">SKILLCAT</TaxonomyID>
					<TaxonomyID schemeID="WH-1" schemeAgencyName="Resume Mirror">RELATED TO</TaxonomyID>
					<ExperienceMeasure unitCode="years">1</ExperienceMeasure>
			</PersonCompetency>
		</PersonQualifications>
		<Attachment></Attachment>
	</CandidateProfile>
</Candidate>
