<?xml version="1.0" encoding="UTF-8"?>
<oa:ConfirmBOD systemEnvironmentCode="Production" releaseID="3.2" languageCode="en-US" xsi:schemaLocation="http://www.openapplications.org/oagis/9 ../../../org_openapplications_platform/1_2/BODs/ConfirmBOD.xsd" xmlns="http://www.hr-xml.org/3" xmlns:oa="http://www.openapplications.org/oagis/9" xmlns:xsi="http://www.w3.org/2001/XMLSchema-instance">
	<!-- This is an example of a  message that might be received in response to a sucessful SyncScreeningCatalogReport BOD.  -->
	<oa:ApplicationArea>
		<oa:CreationDateTime>2009-10-12T10:09:02.01Z</oa:CreationDateTime>
		<oa:BODID>123-983765</oa:BODID>
	</oa:ApplicationArea>
	<oa:DataArea>
		<oa:Confirm>
			<oa:OriginalApplicationArea>
				<oa:CreationDateTime>2009-10-12T10:10:05.02Z</oa:CreationDateTime>
				<oa:BODID>983765</oa:BODID>
			</oa:OriginalApplicationArea>
			<oa:ResponseCriteria>
				<oa:ResponseExpression actionCode="Accepted">/oa:ConfirmBOD/oa:DataArea/oa:BOD/oa:OriginalApplicationArea/oa:BODID</oa:ResponseExpression>
				<oa:ChangeStatus>
					<oa:Code>Accepted</oa:Code>
				</oa:ChangeStatus>
			</oa:ResponseCriteria>
		</oa:Confirm>
		<oa:BOD>
			<oa:BODSuccessMessage>
				<oa:NounSuccessMessage/>
			</oa:BODSuccessMessage>
		</oa:BOD>
	</oa:DataArea>
</oa:ConfirmBOD>
<!--


Copyright The HR-XML Consortium. All Rights Reserved. http://www.hr-xml.org 
Copyright (c) 1997-2011 Open Applications Group, Inc. All Rights Reserved 
-->
