<?xml version="1.0" encoding="UTF-8"?>
<GetCandidate systemEnvironmentCode="Production" releaseID="3.2" languageCode="en-US" xsi:schemaLocation="http://www.hr-xml.org/3 ../Developer/BODs/GetCandidate.xsd" xmlns="http://www.hr-xml.org/3" xmlns:oa="http://www.openapplications.org/oagis/9" xmlns:xsi="http://www.w3.org/2001/XMLSchema-instance">
	<oa:ApplicationArea>
		<oa:CreationDateTime>2010-01-11T12:10:10.10Z</oa:CreationDateTime>
	</oa:ApplicationArea>
	<DataArea>
		<oa:Get uniqueIndicator="true" recordSetSaveIndicator="true">
			<oa:Expression>/GetCandidate/Candidate</oa:Expression>
		</oa:Get>
		<Candidate majorVersionID="1" minorVersionID="0">
		</Candidate>
	</DataArea>
</GetCandidate>
<!--

Copyright The HR-XML Consortium. All Rights Reserved. http://www.hr-xml.org 
Copyright (c) 1997-2011 Open Applications Group, Inc. All Rights Reserved 
-->

