<?xml version="1.0" encoding="UTF-8"?>
<GetIndicativeData 
		systemEnvironmentCode="Production" 
		releaseID="3.2" 
		languageCode="en-US" 
		xsi:schemaLocation="http://www.hr-xml.org/3
../Developer/BODs/GetIndicativeData.xsd" xmlns="http://www.hr-xml.org/3" 
		xmlns:oa="http://www.openapplications.org/oagis/9"
		xmlns:xsi="http://www.w3.org/2001/XMLSchema-instance">
    <oa:ApplicationArea>
        <oa:CreationDateTime>2009-08-13</oa:CreationDateTime>
    </oa:ApplicationArea>
    <DataArea>
        <oa:Get uniqueIndicator="true" recordSetSaveIndicator="true" maxItems="2">
            <oa:Expression expressionLanguage="XPath">/GetIndicativeData/DataArea/IndicativeData</oa:Expression>
        </oa:Get>
        <IndicativeData majorVersionID="1" minorVersionID="0">
        <!-- just fetch the entity with the ID of 1230-5555 -->
            <DocumentID>1230-5555</DocumentID>
        </IndicativeData>
    </DataArea>
</GetIndicativeData>
<!--


Copyright The HR-XML Consortium. All Rights Reserved. http://www.hr-xml.org 
Copyright (c) 1997-2011 Open Applications Group, Inc. All Rights Reserved 
-->
