<?xml version="1.0" encoding="utf-8"?>
<GetScreeningCatalogOrder 
	xmlns="http://www.hr-xml.org/3" 
	xmlns:oa="http://www.openapplications.org/oagis/9" 
	xmlns:xsi="http://www.w3.org/2001/XMLSchema-instance" 
	xsi:schemaLocation="http://www.hr-xml.org/3 ../Developer/BODs/GetScreeningCatalogOrder.xsd" 
	releaseID="3.2">
	<oa:ApplicationArea>
		<oa:Sender>
			<oa:LogicalID>88452222</oa:LogicalID>
			<oa:ComponentID>userID</oa:ComponentID>
			<oa:TaskID>1</oa:TaskID>
			<oa:ConfirmationCode>OnError</oa:ConfirmationCode>
			<oa:AuthorizationID>password</oa:AuthorizationID>
		</oa:Sender>
		<oa:CreationDateTime>1977-04-14</oa:CreationDateTime>
	</oa:ApplicationArea>
	<DataArea>
		<oa:Get>
			<oa:Expression>/GetScreeningCatalogOrder/DataArea/ScreeningCatalogOrder/ScreeningCatalogTypeCode</oa:Expression>
		</oa:Get>
		<ScreeningCatalogOrder majorVersionID="1" minorVersionID="0">
			<DocumentID>22333</DocumentID>
			<DocumentSequence>2</DocumentSequence>
			<CustomerParty>
				<PartyID>ABC12334</PartyID>
				<PartyTaxID>999999999</PartyTaxID>
				<PartyName>ABC Insurance</PartyName>
				<PersonContact>
					<PersonID>TPeterson</PersonID>
					<PersonName>
						<FormattedName>Thomas R Peterson</FormattedName>
						<oa:GivenName>Thomas</oa:GivenName>
						<MiddleName>R</MiddleName>
						<FamilyName>Peterson</FamilyName>
					</PersonName>
					<RoleName>Regional Manager</RoleName>
					<Communication>
						<ChannelCode>Telephone</ChannelCode>
						<UseCode>Business</UseCode>
						<oa:AreaDialing>727</oa:AreaDialing>
						<oa:DialNumber>555-2222</oa:DialNumber>
					</Communication>
				</PersonContact>
			</CustomerParty>
			<SupplierParty>
				<PartyTaxID>888888888</PartyTaxID>
				<PartyName>Applicant Insight</PartyName>
				<Communication>
					<ChannelCode>Telephone</ChannelCode>
					<UseCode>Business</UseCode>
					<oa:AreaDialing>800</oa:AreaDialing>
					<oa:DialNumber>555-3333</oa:DialNumber>
				</Communication>
				<PersonContact>
					<PersonName>
						<FormattedName>Barbara Anne Smith</FormattedName>
						<oa:GivenName>Barbara</oa:GivenName>
						<MiddleName>Anne</MiddleName>
						<FamilyName>Smith</FamilyName>
					</PersonName>
					<RoleName>Business Contact</RoleName>
					<Communication>
						<ChannelCode>Telephone</ChannelCode>
						<UseCode>Business</UseCode>
						<oa:AreaDialing>727</oa:AreaDialing>
						<oa:DialNumber>806-2004</oa:DialNumber>
					</Communication>
				</PersonContact>
				<UserArea></UserArea>
			</SupplierParty>
			<ScreeningCatalogTypeCode>JurisdictionalRequirement</ScreeningCatalogTypeCode>
			<ScreeningCatalogOrderScope>
								<JurisdictionalOrderScope>
					<ScreeningSearchTypeCode>criminal</ScreeningSearchTypeCode>
					<ApplicableRegion>
						<CountryCode>US</CountryCode>
						<oa:CityName>Burbank</oa:CityName>
						<oa:CountrySubDivisionCode>CA</oa:CountrySubDivisionCode>
					</ApplicableRegion>
					<AbuseRegistriesIndicator>false</AbuseRegistriesIndicator>
					<CostIndicator>true</CostIndicator>
					<CriminalCivilIndicator>true</CriminalCivilIndicator>
					<CriminalCountyIndicator>true</CriminalCountyIndicator>
					<CriminalLowerCourtIndicator>false</CriminalLowerCourtIndicator>
					<CriminalFederalIndicator>true</CriminalFederalIndicator>
					<ReleaseIndicator>false</ReleaseIndicator>
					<RequirementsIndicator>false</RequirementsIndicator>
					<TurnAroundTimeIndicator>false</TurnAroundTimeIndicator>
					<ValidationIndicator>false</ValidationIndicator>
				</JurisdictionalOrderScope>
			</ScreeningCatalogOrderScope>
			<UserArea></UserArea>
		</ScreeningCatalogOrder>
	</DataArea>
</GetScreeningCatalogOrder>
<!--

Copyright The HR-XML Consortium. All Rights Reserved. http://www.hr-xml.org 
Copyright (c) 1997-2011 Open Applications Group, Inc. All Rights Reserved 
-->

