<?xml version="1.0" encoding="UTF-8"?>
<!--Sample XML file generated by XMLSPY v2004 rel. 2 U (http://www.xmlspy.com)-->
<GetScreeningCatalogOrder 
	xmlns="http://www.hr-xml.org/3" 
	xmlns:oa="http://www.openapplications.org/oagis/9" 
	xmlns:xsi="http://www.w3.org/2001/XMLSchema-instance" 
	xsi:schemaLocation="http://www.hr-xml.org/3 ../Developer/BODs/GetScreeningCatalogOrder.xsd" 
	releaseID="3.2">
	<oa:ApplicationArea>
		<oa:Sender>
			<oa:LogicalID>789345</oa:LogicalID>
			<oa:TaskID>1</oa:TaskID>
			<oa:ReferenceID>78</oa:ReferenceID>
			<oa:ConfirmationCode>onError</oa:ConfirmationCode>
		</oa:Sender>
		<oa:Receiver>
			<oa:LogicalID>7845987</oa:LogicalID>
		</oa:Receiver>
		<oa:CreationDateTime>2009-08-13</oa:CreationDateTime>
				<oa:BODID>53RR2003161800502Z</oa:BODID>
	</oa:ApplicationArea>
	<DataArea>
		<oa:Get>
			<oa:Expression>/GetScreeningCatalogOrder/DataArea/ScreeningCatalogOrder/ScreeningCatalogTypeCode</oa:Expression>
		</oa:Get>
		<ScreeningCatalogOrder majorVersionID="1" minorVersionID="0">
			<DocumentID>12345077</DocumentID>
			<DocumentSequence>2</DocumentSequence>
			<CustomerParty>
				<PartyID>123456</PartyID>
				<PartyName>First American</PartyName>
			</CustomerParty>
			<SupplierParty>
				<PartyID>7845987</PartyID>
				<PartyName>CoreLogic</PartyName>
			</SupplierParty>
			<RequesterParty>
				<PartyID>789345</PartyID>
				<PartyName>PeopleClick</PartyName>
			</RequesterParty>
			<ScreeningCatalogTypeCode>JurisdictionalRequirement</ScreeningCatalogTypeCode>
			<ScreeningCatalogOrderScope>
				<JurisdictionalOrderScope>
					<ScreeningSearchTypeCode>License</ScreeningSearchTypeCode>
					<ScreeningSearchTypeQualifierCode>MotorVehiclePersonalCommercial</ScreeningSearchTypeQualifierCode>
					<ApplicableRegion>
						<CountryCode>AF</CountryCode>
					</ApplicableRegion>
					<AbuseRegistriesIndicator>false</AbuseRegistriesIndicator>
					<CostIndicator>false</CostIndicator>
					<CriminalCivilIndicator>false</CriminalCivilIndicator>
					<CriminalCountyIndicator>false</CriminalCountyIndicator>
					<CriminalLowerCourtIndicator>false</CriminalLowerCourtIndicator>
					<CriminalFederalIndicator>false</CriminalFederalIndicator>
					<ReleaseIndicator>true</ReleaseIndicator>
					<RequirementsIndicator>false</RequirementsIndicator>
					<TurnAroundTimeIndicator>true</TurnAroundTimeIndicator>
					<ValidationIndicator>true</ValidationIndicator>
				</JurisdictionalOrderScope>
			</ScreeningCatalogOrderScope>
		</ScreeningCatalogOrder>
	</DataArea>
</GetScreeningCatalogOrder>
<!--

Copyright The HR-XML Consortium. All Rights Reserved. http://www.hr-xml.org 
Copyright (c) 1997-2011 Open Applications Group, Inc. All Rights Reserved 
-->

