<?xml version="1.0" encoding="UTF-8"?>
<GetScreeningCatalogOrder systemEnvironmentCode="Production" releaseID="3.2" languageCode="en-US" xsi:schemaLocation="http://www.hr-xml.org/3 ../Developer/BODs/GetScreeningCatalogOrder.xsd" xmlns="http://www.hr-xml.org/3" xmlns:oa="http://www.openapplications.org/oagis/9" xmlns:xsi="http://www.w3.org/2001/XMLSchema-instance">
	<oa:ApplicationArea>
		<oa:Sender>
			<oa:LogicalID>155</oa:LogicalID>
			<oa:ComponentID>userID</oa:ComponentID>
			<oa:TaskID>Catalog</oa:TaskID>
			<oa:ConfirmationCode>OnError</oa:ConfirmationCode>
			<oa:AuthorizationID>password</oa:AuthorizationID>
		</oa:Sender>
		<oa:CreationDateTime>2010-04-01T12:10:10.10Z</oa:CreationDateTime>
	</oa:ApplicationArea>
	<DataArea>
		<oa:Get uniqueIndicator="true" recordSetSaveIndicator="true">
			<oa:Expression>/GetScreeningCatalogOrder/ScreeningCatalogOrder</oa:Expression>
		</oa:Get>
		<ScreeningCatalogOrder majorVersionID="1" minorVersionID="0">
			<DocumentID>DOC12345</DocumentID>
			<CustomerParty>
				<PartyID>ABC_00123</PartyID>
			</CustomerParty>
			<ScreeningCatalogTypeCode>CustomerScope</ScreeningCatalogTypeCode>
			<ScreeningCatalogOrderScope>
				<CustomerOrderScope>
					<CostIndicator>true</CostIndicator>
					<PackageIndicator>true</PackageIndicator>
				</CustomerOrderScope>
			</ScreeningCatalogOrderScope>
		</ScreeningCatalogOrder>
	</DataArea>
</GetScreeningCatalogOrder>
<!--

Copyright The HR-XML Consortium. All Rights Reserved. http://www.hr-xml.org 
Copyright (c) 1997-2011 Open Applications Group, Inc. All Rights Reserved 
-->

