<?xml version="1.0" encoding="UTF-8"?>
<NotifyAssessmentCatalog  systemEnvironmentCode="Production" releaseID="3.2"  languageCode="en-US" 
           xmlns="http://www.hr-xml.org/3" 
           xmlns:oa="http://www.openapplications.org/oagis/9"
           xmlns:oacl="http://www.openapplications.org/oagis/9/codelists" 
           xmlns:qdt="http://www.openapplications.org/oagis/9/qualifieddatatypes/1.1" 
           xmlns:udt="http://www.openapplications.org/oagis/9/unqualifieddatatypes/1.1" 
           xmlns:xsi="http://www.w3.org/2001/XMLSchema-instance" 
           xsi:schemaLocation="http://www.hr-xml.org/3 ../Developer/BODs/NotifyAssessmentCatalog.xsd">
	<oa:ApplicationArea>
		<oa:CreationDateTime>2009-01-11T12:10:10.10Z</oa:CreationDateTime>
	</oa:ApplicationArea>
	<DataArea>
		<oa:Notify>
			<oa:ActionCriteria>
				<oa:ActionExpression actionCode="Add">/NotifyAssessmentCatalog/DataArea/AssessmentCatalog</oa:ActionExpression>
			</oa:ActionCriteria>
		</oa:Notify>
<AssessmentCatalog majorVersionID="1" minorVersionID="0">
	<SupplierParty>
		<PartyID>PSI_Example_Only</PartyID>
	</SupplierParty>
	<AssessmentPackage>
		<ID>EAS1</ID>
		<oa:Name>Employee Aptitude Survey Test #1 - Verbal Comprehension</oa:Name>
		<oa:Description><![CDATA[ Employee Aptitude Survey Test #1 - Verbal Comprehension measures the ability to understand written words and the ideas associated with them. The test taker selects the synonym for a designated word from the four possibilities presented. This test is comprised of 30 multiple choice items and has a 5 minute time limit. It is designed to assess verbal ability. 

Employee Aptitude Survey Test #1 - Verbal Comprehension, Employee Aptitude Survey, and EAS are copyrights and marks owned by Psychological Services Inc.]]></oa:Description>
		<ParentGroupID>EAS</ParentGroupID>
		<AssessmentApplicability>
			<AssessedCompetency>
				<CompetencyID>A2</CompetencyID>
				<CompetencyName>Verbal Comprehension</CompetencyName>
			</AssessedCompetency>
			<JobCategoryCode listID="Functional Area">Sales</JobCategoryCode>
            <CareerLevelCode>Mid-Level</CareerLevelCode> 			
			<ApplicableRegion>
				<CountryCode>US</CountryCode>
			</ApplicableRegion>
			<ApplicableRegion>
				<CountryCode>CA</CountryCode>
			</ApplicableRegion>
			<ApplicableRegion>
				<CountryCode>MX</CountryCode>
			</ApplicableRegion>
			<AvailableLanguageCode>en-US</AvailableLanguageCode>
			<AvailableLanguageCode>fr-CA</AvailableLanguageCode>
			<AvailableLanguageCode>es-MX</AvailableLanguageCode>
		</AssessmentApplicability>
		<AssessmentAdministration>
			<ProctoredAssessmentIndicator>true</ProctoredAssessmentIndicator>
			<TimeEnforcedIndicator>true</TimeEnforcedIndicator>
			<TestDuration unitCode="minutes">5</TestDuration>
			<AssessmentDeliveryCode schedulingRequiredIndicator="true">online</AssessmentDeliveryCode>
			<AssessmentDeliveryCode schedulingRequiredIndicator="true">telephone</AssessmentDeliveryCode>
		</AssessmentAdministration>
		<AssessmentFulfillment>
			<ScoreProfileName>EAS1 Profile</ScoreProfileName>
			<ReportLanguageCode>en-US</ReportLanguageCode>
		</AssessmentFulfillment>
	</AssessmentPackage>
</AssessmentCatalog>
	</DataArea>
</NotifyAssessmentCatalog>
<!--


Copyright The HR-XML Consortium. All Rights Reserved. http://www.hr-xml.org 
Copyright (c) 1997-2011 Open Applications Group, Inc. All Rights Reserved 
-->
