<?xml version="1.0" encoding="UTF-8"?>
<NotifyAssessmentReport systemEnvironmentCode="Production" releaseID="3.2"  languageCode="en-US" 
           xmlns="http://www.hr-xml.org/3" 
           xmlns:oa="http://www.openapplications.org/oagis/9"
           xmlns:oacl="http://www.openapplications.org/oagis/9/codelists" 
           xmlns:qdt="http://www.openapplications.org/oagis/9/qualifieddatatypes/1.1" 
           xmlns:udt="http://www.openapplications.org/oagis/9/unqualifieddatatypes/1.1" 
           xmlns:xsi="http://www.w3.org/2001/XMLSchema-instance" 
           xsi:schemaLocation="http://www.hr-xml.org/3 ../Developer/BODs/NotifyAssessmentReport.xsd">
	<oa:ApplicationArea>
		<oa:CreationDateTime>2009-01-11T12:10:10.10Z</oa:CreationDateTime>
	</oa:ApplicationArea>
	<DataArea>
		<oa:Notify>
			<oa:ActionCriteria>
				<oa:ActionExpression actionCode="Add">/NotifyAssessmentReport/DataArea/AssessmentReport</oa:ActionExpression>
			</oa:ActionCriteria>
		</oa:Notify>
      <AssessmentReport majorVersionID="1" minorVersionID="0">
	 <CustomerParty>
		<PartyID schemeID="Client Number">C-1342</PartyID>
		<PartyReportingIDs>
			<ID schemeID="PO Number">53RR20031618</ID>
			<ID schemeID="Department Name">Administration</ID>
		</PartyReportingIDs>
	</CustomerParty>
<AssessmentSubject>
	<SubjectID schemeID="CandidateID">xrs1-99-5212345</SubjectID>
</AssessmentSubject>
	<AssessmentResult validFrom="2009-01-11" validTo="2011-01-11">
	<PackageID validFrom="2003-01-24">Acct.2002.r1</PackageID>
	 <AssessmentProfileID>Customer Service</AssessmentProfileID>
		<AssessmentOverallResult>
		<PassedIndicator>true</PassedIndicator>
			<Score>			
				<ScoreNumeric scoreNumericCode="raw score">75</ScoreNumeric>
				<ScoreNumeric scoreNumericCode="percentile">89</ScoreNumeric>
			</Score>
			<BandID>D</BandID>
		</AssessmentOverallResult>
		<TestInstance>
	         <AssessmentLanguageCode>en-US</AssessmentLanguageCode>
		</TestInstance>
  <Attachment validFrom="2009-01-11" validTo="2011-01-11">
	  <AttachmentID schemeID="ReportId">DR-12343-1</AttachmentID>
	  <oa:URI>https://integrate.e-testic.com/hrxml/report/detail?sk=197e23sa</oa:URI>
		<DocumentDateTime>2008-03-08</DocumentDateTime>
		<oa:FileType>text/html</oa:FileType>
		<DocumentTitle>John Smith: Assessment Detailed Narrative Report</DocumentTitle>
		<AccessCredentials>
			<UserID>C1342</UserID>
			<AccessCredential>
				<AccessCredentialValue>498uqwz</AccessCredentialValue>
			</AccessCredential>
		</AccessCredentials>
	</Attachment>
	</AssessmentResult>
	</AssessmentReport>
	</DataArea>
</NotifyAssessmentReport>
<!--


Copyright The HR-XML Consortium. All Rights Reserved. http://www.hr-xml.org 
Copyright (c) 1997-2011 Open Applications Group, Inc. All Rights Reserved 
-->


