<?xml version="1.0" encoding="UTF-8"?>
<NotifyStaffingAssignment 
			systemEnvironmentCode="Production" 
			releaseID="3.2" 
			languageCode="en-US" 
			xsi:schemaLocation="http://www.hr-xml.org/3  ../Developer/BODs/NotifyStaffingAssignment.xsd"  		
			xmlns="http://www.hr-xml.org/3" 
			xmlns:oa="http://www.openapplications.org/oagis/9" 
			xmlns:xsi="http://www.w3.org/2001/XMLSchema-instance">
	<oa:ApplicationArea>
		<oa:CreationDateTime>2009-10-17T10:09:02.01Z</oa:CreationDateTime>
		<oa:BODID>PC2009-11-17-016</oa:BODID>
	</oa:ApplicationArea>
	<DataArea>
		<oa:Notify>
			<oa:ActionCriteria>
				<oa:ActionExpression actionCode="Modified">/NotifyStaffingAssignment/DataArea/StaffingAssignment/StaffingContractDetails/@versionID</oa:ActionExpression>
				<oa:ChangeStatus>
					<oa:ReasonCode>Contract Executed</oa:ReasonCode>
				</oa:ChangeStatus>
			</oa:ActionCriteria>
			<oa:ActionCriteria>
				<oa:ActionExpression actionCode="Modified">/NotifyStaffingAssignment/DataArea/StaffingAssignment/StaffingContractDetails/ContractStatusCode</oa:ActionExpression>
			</oa:ActionCriteria>
			<oa:ActionCriteria>
				<oa:ActionExpression actionCode="Add">/NotifyStaffingAssignment/DataArea/StaffingAssignment/StaffingContractDetails/SignatureDate</oa:ActionExpression>
			</oa:ActionCriteria>
		</oa:Notify>
		<StaffingAssignment majorVersionID="1" minorVersionID="0">
			<DocumentID schemeID="AssignmentID" schemeAgencyID="StaffingCoInc.com">99999111888</DocumentID>
			<StaffingContract>
				<VersionID>2</VersionID>
				<ContractStatusCode>Signed</ContractStatusCode>
				<ResourceSignatureDate>2009-11-15</ResourceSignatureDate>		
			</StaffingContract>
		</StaffingAssignment>
	</DataArea>
</NotifyStaffingAssignment>
<!--


Copyright The HR-XML Consortium. All Rights Reserved. http://www.hr-xml.org 
Copyright (c) 1997-2011 Open Applications Group, Inc. All Rights Reserved 
-->

