<?xml version="1.0" encoding="UTF-8"?>
<NotifyTimeCard 
			systemEnvironmentCode="Production" 
			releaseID="3.2"  
			languageCode="en-US" 
			xsi:schemaLocation="http://www.hr-xml.org/3  ../Developer/BODs/NotifyTimeCard.xsd" 
			xmlns="http://www.hr-xml.org/3" 
			xmlns:oa="http://www.openapplications.org/oagis/9" 
			xmlns:xsi="http://www.w3.org/2001/XMLSchema-instance">
	<oa:ApplicationArea>
		<oa:CreationDateTime>2009-05-17T11:09:02.01Z</oa:CreationDateTime>
		<oa:BODID>PC2009-31-13-016</oa:BODID>
	</oa:ApplicationArea>
	<DataArea>
		<oa:Notify>
			<oa:ActionCriteria>
				<oa:ActionExpression actionCode="Modified">/NotifyTimeCard/DataArea/TimeCard/TimeCardReportedItem[ID="1"]</oa:ActionExpression>
				<oa:ChangeStatus>
					<oa:ReasonCode>Corrected GL Account No.</oa:ReasonCode>
				</oa:ChangeStatus>
			</oa:ActionCriteria>
		</oa:Notify>
		<TimeCard majorVersionID="1" minorVersionID="0">
			<DocumentID schemeAgencyID="StaffingCoInc.com">99999111888</DocumentID>
			<TimeCardReportedItem>
			<ID>1</ID>
				<TimeReportedStatusCode>Corrected</TimeReportedStatusCode>
				<CostAllocation>
						<AllocationID schemeID="GL Account No.">14-00054</AllocationID>
						<AllocationPercentage>55</AllocationPercentage>
					</CostAllocation>
					<CostAllocation>
						<AllocationID schemeID="GL Account No.">14-00032</AllocationID>
						<AllocationPercentage>45</AllocationPercentage>
					</CostAllocation>
				<TimeInterval>
				 <ID>Mon</ID>
						<FreeFormEffectivePeriod>
						<StartDate><FormattedDateTime>2009-05-04</FormattedDateTime></StartDate>
						<oa:Duration>PT8H</oa:Duration>
					</FreeFormEffectivePeriod>
				</TimeInterval>
			</TimeCardReportedItem>
		</TimeCard>
	</DataArea>
</NotifyTimeCard>
<!--

Copyright The HR-XML Consortium. All Rights Reserved. http://www.hr-xml.org 
Copyright (c) 1997-2011 Open Applications Group, Inc. All Rights Reserved 
-->
