<?xml version="1.0" encoding="UTF-8"?>
<NotifyScreeningPackageReport 
			systemEnvironmentCode="Production" 
			releaseID="3.2"  
			languageCode="en-US" 
			xsi:schemaLocation="http://www.hr-xml.org/3 ../Developer/BODs/NotifyScreeningPackageReport.xsd" 
			xmlns="http://www.hr-xml.org/3" 
			xmlns:oa="http://www.openapplications.org/oagis/9" 
			xmlns:xsi="http://www.w3.org/2001/XMLSchema-instance">
	<oa:ApplicationArea>
		<oa:CreationDateTime>2009-10-17T10:09:02.01Z</oa:CreationDateTime>
	</oa:ApplicationArea>
	<DataArea>
		<oa:Notify>
			<oa:ActionCriteria>
				<oa:ActionExpression actionCode="Add">/NotifyScreeningReport/DataArea/ScreeningReport</oa:ActionExpression>
			</oa:ActionCriteria>
		</oa:Notify>
		<ScreeningPackageReport majorVersionID="1" minorVersionID="0">
			<!-- This is the identifier for the entity being managed. In this case, a ScreeningReport. 
                       This is the recommended ID to reference for further action upon this entity (for example, 
                       to change or replace the report, etc.).  -->
			<DocumentID>1111-000-111-R-2009-10-17</DocumentID>
			<CustomerParty>
				<PartyID>111-00-333-000</PartyID>
				<!-- This block is for customer references that are to be passed through to 
                       support billing, audit, or reporting requirements -->
				<PartyReportingIDs agencyRoleCode="Customer" schemeID="ABC Billing IDs">
					<ID schemeID="DepartmentID">Eng901</ID>
					<ID schemeID="AccountID">1478111</ID>
					<ID schemeID="ProjectID">Eng 2009-1401</ID>
				</PartyReportingIDs>
			</CustomerParty>
			<PackageResult>
			    <!-- Note that in this example, the OrderID corresponds with the DocumentID
                       returned by the screening service provider in its order acknowledgement. 
                 -->
				<ScreeningID>1111-000-111-2009-10-15</ScreeningID>
				<PackageID schemeID="ScreeningCo. Inc PackageIDs" validFrom="2008-09-11">111-334444</PackageID>
				<ScreeningSubject>
				<!-- ScreeningSubject/ID is the identifier used to uniquely distinquish the ScreeningSubject. 
                       In this case, a CandidateID that is set or controlled by the Customer. -->
					<ScreeningSubjectID schemeID="Candidate ID" agencyRoleCode="Customer">1111-000-111</ScreeningSubjectID>
				</ScreeningSubject>
				<!-- A code classifying the type of report or information provided. In this case, a 
                       Summary Result is communicated. --> 
				<ScreeningResultTypeCode>Summary Result</ScreeningResultTypeCode>
				<!-- A code indicating the status of the order,  in this case "Complete" -->
				<ScreeningOrderStatusCode>Complete</ScreeningOrderStatusCode>
				<!-- This is the over all order result (Pass, Fail, Record Found, etc.) as determined 
                        by the screening vendor based on the client’s criteria. -->
				<ScreeningResultCode>Record Found</ScreeningResultCode>
				<!-- A description or message content explaining or related to the 
                       state indicated by the above codes. -->
				<oa:Description>The requested package of services has been fulfilled. 
                                       A record is available for your review. This may or
                                       may not contain disqualifying information.
				</oa:Description>
				<AccessPoint>
				    <!-- This is the URL provided by the screening vendor to the user (a recruiter for example) about where and how 
                           to access the complete screening result report stored on the screening vendor's system. -->
					<oa:URI>http://www.screeningcoinc.com/results/1111-000-111-R-2009-10-17</oa:URI>
					<UserID>SamRecruiter@abc.com</UserID>
				</AccessPoint>
			</PackageResult>
		</ScreeningPackageReport>
	</DataArea>
</NotifyScreeningPackageReport>
<!--


Copyright The HR-XML Consortium. All Rights Reserved. http://www.hr-xml.org 
Copyright (c) 1997-2011 Open Applications Group, Inc. All Rights Reserved 
-->
