<?xml version="1.0" encoding="UTF-8"?>
<ProcessStaffingOrder 
		systemEnvironmentCode="Production" 
		releaseID="3.2" 
		languageCode="en-US" 
		xsi:schemaLocation="http://www.hr-xml.org/3  ../Developer/BODs/ProcessStaffingOrder.xsd" 
		xmlns="http://www.hr-xml.org/3" 
		xmlns:oa="http://www.openapplications.org/oagis/9" 
		xmlns:xsi="http://www.w3.org/2001/XMLSchema-instance">
	<oa:ApplicationArea>
		<oa:CreationDateTime>2009-10-15T10:09:02.01Z</oa:CreationDateTime>
	</oa:ApplicationArea>
	<DataArea>
		<oa:Process acknowledgeCode="Always">
			<oa:ActionCriteria>
				<oa:ActionExpression actionCode="Add">/ProcessStaffingOrder/DataArea/StaffingOrder</oa:ActionExpression>
				<oa:ChangeStatus>
					<oa:Code>New Quote</oa:Code>
				</oa:ChangeStatus>
			</oa:ActionCriteria>
		</oa:Process>
		<StaffingOrder majorVersionID="1" minorVersionID="0">
			<DocumentID validFrom="2008-01-01" validTo="2008-01-31" schemeID="Quote" schemeAgencyID="StaffingCompany">Q747827</DocumentID>
			<StaffingOrderTypeCode>Quote</StaffingOrderTypeCode>
			<StaffingOrderStatusCode>New</StaffingOrderStatusCode>
			<CustomerParty>
				<PartyID schemeID="StaffingCustomerID" schemeAgencyID="StaffingCustomer">445123</PartyID>
				<PartyID schemeID="StaffingCustomerOrgUnitId" schemeAgencyID="StaffingCustomer">12</PartyID>
				<PersonContact contactTypeCode="Request Placed By">
					<PersonName>
						<LegalName>Jan Janssen</LegalName>
					</PersonName>
					<Communication>
						<ChannelCode>Mobile Telephone</ChannelCode>
						<oa:CountryDialing>0031</oa:CountryDialing>
						<oa:AreaDialing>06</oa:AreaDialing>
						<oa:DialNumber>12345678</oa:DialNumber>
					</Communication>
					<Communication>
						<ChannelCode>Email</ChannelCode>
						 <oa:URI>jan.janssen@staffingcustomer.nl</oa:URI>
					</Communication>
					<Communication>
						<ChannelCode>Web</ChannelCode>
						 <oa:URI>http://www.staffingcustomer.nl</oa:URI>
					</Communication>
				</PersonContact>
			</CustomerParty>
			<SupplierParty>
				<PartyID schemeAgencyID="StaffingCompany">676773</PartyID>
				<PersonContact contactTypeCode="Quote By">	
					<PersonName>
						<LegalName>Anna Fransen</LegalName>
					</PersonName>
					<Communication>
						<ChannelCode>Mobile Telephone</ChannelCode>
						<oa:CountryDialing>0031</oa:CountryDialing>
						<oa:AreaDialing>06</oa:AreaDialing>
						<oa:DialNumber>65824154</oa:DialNumber>
					</Communication>
					<Communication>
						<ChannelCode>Email</ChannelCode>
						 <oa:URI>anna.fransen@staffingcompany.nl</oa:URI>
					</Communication>
					<Communication>
						<ChannelCode>Web</ChannelCode>
						 <oa:URI>http://www.staffingcompany.nl</oa:URI>
					</Communication>
				</PersonContact>
			</SupplierParty>
			<StaffingReferenceIDs>						
				<StaffingRFQID schemeAgencyID="StaffingCustomer">RFQ23489712</StaffingRFQID>
				<StaffingResourceID schemeAgencyID="StaffingCompany">7654323</StaffingResourceID>	
				<MasterStaffingOrderID schemeAgencyID="StaffingCustomer">FA5623467</MasterStaffingOrderID>
			</StaffingReferenceIDs>
			<CustomerReportingRequirements>
				<DepartmentCode>12</DepartmentCode>
				<CostCenterCode>173</CostCenterCode>
				<ProjectCode>G12345</ProjectCode>
				<CustomerReferenceNumber>PO123789</CustomerReferenceNumber>		
			</CustomerReportingRequirements>
			<Comment>This is a free text field for comments.</Comment>
		</StaffingOrder>
	</DataArea>
</ProcessStaffingOrder>
<!--

Copyright The HR-XML Consortium. All Rights Reserved. http://www.hr-xml.org 
Copyright (c) 1997-2011 Open Applications Group, Inc. All Rights Reserved 
-->
