<?xml version="1.0" encoding="UTF-8" standalone="no"?>
<ProcessAssessmentReport systemEnvironmentCode="Production" releaseID="3.2" languageCode="en-US" xsi:schemaLocation="http://www.hr-xml.org/3 ../Developer/BODs/ProcessAssessmentReport.xsd" xmlns="http://www.hr-xml.org/3" xmlns:oa="http://www.openapplications.org/oagis/9" xmlns:xsi="http://www.w3.org/2001/XMLSchema-instance">
<!-- Application mgmt system (AMS) is sending the request for client named Weckford Corp.  The candidate to be tested is Cindy Cabot and she is applying for a sales job.  The recruiter who ordered the test is Bill Smith.  The sales test has two components to it and the scores come back simply as textual descriptions with no numeric scores but do include a pass/fail indicator for AMS requirement.  The internal name of the assessment on both the AMS and the vendor system is “SALES”. -->
	<oa:ApplicationArea>
		<oa:CreationDateTime>2008-10-12T10:09:02.01Z</oa:CreationDateTime>
	</oa:ApplicationArea>
	<DataArea>
		<oa:Process acknowledgeCode="Always">
			<oa:ActionCriteria>
				<oa:ActionExpression actionCode="Add">/ProcessAssessmentOrder/DataArea/AssessmentReport</oa:ActionExpression>
			</oa:ActionCriteria>
		</oa:Process>
		<AssessmentReport majorVersionID="1" minorVersionID="0">
			<OrderID>234239555</OrderID>
			<CustomerParty>
				<PartyID>W12345</PartyID>
				<PartyName>Weckford Corp.</PartyName>
			</CustomerParty>
			<SupplierParty>
				<PartyID>AVS487</PartyID>
				<PartyName>AAA Asessement Vendor</PartyName>
			</SupplierParty>
			<AssessmentResult>
				<PackageID>SALES</PackageID>
				<oa:Name>Sales Assessment</oa:Name>
				<AssessmentOverallResult>
					<ID>SALES</ID>
					<PassedIndicator>true</PassedIndicator>
					<oa:Description>Good Fit</oa:Description>
				</AssessmentOverallResult>
				<AssessmentDetailedResult>
					<ID>SALES_SECT1</ID>
					<PassedIndicator>true</PassedIndicator>
					<oa:Description>Excellent Fit</oa:Description>
				</AssessmentDetailedResult>
				<AssessmentDetailedResult>
					<ID>SALES_SECT2</ID>
					<PassedIndicator>true</PassedIndicator>
					<oa:Description>Acceptable Fit</oa:Description>
				</AssessmentDetailedResult>
				<TestInstance>
					<TestDate>2009-08-13</TestDate>
					<TestScoreIssuedDate>2009-08-13</TestScoreIssuedDate>
				</TestInstance>
				<AssessmentStatus>
					<AssessmentStatusCode validFrom="2008-10-12T10:09:02.01Z" validTo="2008-10-12T10:09:02.01Z">Completed</AssessmentStatusCode>
					<oa:Description>Candidate completed assessment</oa:Description>
				</AssessmentStatus>
				<AccessPoint typeCode="Individual">
					<oa:URI>http://www.AAAAssessmentCompany.com/234239555</oa:URI>
				</AccessPoint>
				<AccessPoint typeCode="Group">
					<oa:URI>http://www.AAAAssessmentCompany.com/234239559</oa:URI>
				</AccessPoint>
			</AssessmentResult>
		</AssessmentReport>
	</DataArea>
</ProcessAssessmentReport>
<!--


Copyright The HR-XML Consortium. All Rights Reserved. http://www.hr-xml.org 
Copyright (c) 1997-2011 Open Applications Group, Inc. All Rights Reserved 
-->
