<?xml version="1.0" encoding="UTF-8"?>
<ProcessScreeningPackageOrder systemEnvironmentCode="Production" releaseID="3.2" languageCode="en-US" xsi:schemaLocation="http://www.hr-xml.org/3 ../Developer/BODs/ProcessScreeningPackageOrder.xsd" xmlns="http://www.hr-xml.org/3" xmlns:oa="http://www.openapplications.org/oagis/9" xmlns:xsi="http://www.w3.org/2001/XMLSchema-instance">
	<oa:ApplicationArea>
		<oa:CreationDateTime>2009-10-15T10:09:02.01Z</oa:CreationDateTime>
	</oa:ApplicationArea>
	<DataArea>
		<oa:Process acknowledgeCode="Always">
			<oa:ActionCriteria>
				<oa:ActionExpression actionCode="Add">/ProcessScreeningPackageOrder/DataArea/ScreeningPackageOrder</oa:ActionExpression>
			</oa:ActionCriteria>
		</oa:Process>
		<ScreeningPackageOrder majorVersionID="2" minorVersionID="0">
			<ScreeningUser>
				<!-- This is a UserID. This typically would be for an authorized person acting in a role such 
                    as recruiter, HR manager, etc. -->
				<UserID>SamRecruiter@abc.com</UserID>
			</ScreeningUser>
			<CustomerParty>
				<PartyID>111-00-333-000</PartyID>
				<!-- This block is for customer references that are to be passed through to 
                    support billing, audit, or reporting requirements -->
				<PartyReportingIDs agencyRoleCode="Customer" schemeID="ABC Billing IDs">
					<ID schemeID="DepartmentID">Eng901</ID>
					<ID schemeID="AccountID">1478111</ID>
					<ID schemeID="ProjectID">Eng 2009-1401</ID>
				</PartyReportingIDs>
			</CustomerParty>
			<PackageOrder>
				<!-- This illustrates "order by PackageID. The specific screening services included within the order
       are encapsulated within a "Package" referenced by a PackageID that is known to requester
      and screening service supplier. Under this implementation pattern, separate "Screening"  elements 
      are not used. Screening details would be disallowed at the level of :
       /ProcessScreeningOrder/DataArea/ScreeningOrder/ScreeningOrder/ScreeningPackageOrder/Screenings
-->
				<PackageID schemeID="PackageID" schemeAgencyID="ScreeningCo. Inc." validFrom="2008-09-11">111-334444</PackageID>
				<ScreeningSubject>
					<ScreeningSubjectID schemeID="Candidate ID">1111-000-111</ScreeningSubjectID>
					<PersonLegalID schemeID="SSN">222-99-1111</PersonLegalID>
					<ScreeningSubjectName>
						<ScreeningPersonName>
							<ID>01</ID>
							<PersonName validFrom="2006-05-03" nameTypeCode="CurrentName">
								<oa:GivenName>Sue</oa:GivenName>
								<MiddleName>A</MiddleName>
								<FamilyName>Johnson</FamilyName>
							</PersonName>
						</ScreeningPersonName>
						<ScreeningPersonName>
							<ID>02</ID>
							<PersonName validFrom="1975-05-01" validTo="2006-05-03" nameTypeCode="Birth Name">
								<oa:GivenName>Sue</oa:GivenName>
								<MiddleName>A</MiddleName>
								<FamilyName>Smith</FamilyName>
							</PersonName>
						</ScreeningPersonName>
						<FatherName>
							<FamilyName>Smith</FamilyName>
						</FatherName>
					</ScreeningSubjectName>
					<!-- This is a current address for the screening subject. -->
					<Communication sequence="1" preferredIndicator="true" validFrom="2006-05">
						<oa:AreaDialing>919</oa:AreaDialing>
						<oa:DialNumber>555-1212</oa:DialNumber>
					</Communication>
					<Communication sequence="1" preferredIndicator="false" validFrom="2006-05">
						<ChannelCode>Telephone</ChannelCode>
						<UseCode>Personal</UseCode>
						<oa:AreaDialing>919</oa:AreaDialing>
						<oa:DialNumber>555-1213</oa:DialNumber>
					</Communication>
					<Communication sequence="1" preferredIndicator="true" validFrom="2006-05">
						<Address>
							<oa:StreetName>Elm Street.</oa:StreetName>
							<oa:CityName>Morehead City</oa:CityName>
							<oa:CountrySubDivisionCode>NC</oa:CountrySubDivisionCode>
							<CountryCode>US</CountryCode>
							<oa:PostalCode>28557</oa:PostalCode>
						</Address>
					</Communication>
					<!-- This is a prior address. -->
					<Communication validTo="2006-05">
						<Address currentAddressIndicator="false">
							<oa:StreetName>Elm Street.</oa:StreetName>
							<oa:CityName>Main St. Blvd, Ave.</oa:CityName>
							<oa:CountrySubDivisionCode>NC</oa:CountrySubDivisionCode>
							<CountryCode>US</CountryCode>
							<oa:PostalCode>28557</oa:PostalCode>
						</Address>
					</Communication>
					<RaceCode>White</RaceCode>
					<GenderCode>Female</GenderCode>
					<FreeFormBirthDate>
						<FormattedDateTime>1985-04-01</FormattedDateTime>
					</FreeFormBirthDate>
				</ScreeningSubject>
				<AdmittedCharges>
					<!-- This section is for the candidate's admission of charges that are likely to be 
                            found in the Screening. -->
					<AdmittedChargesSummary>Arrested for DUI, 1996, Macon, GA</AdmittedChargesSummary>
				</AdmittedCharges>
				<SearchLicense>
					<License>
						<LicenseID>2248-8881</LicenseID>
						<LicenseTypeCode>Motor Vehicle Personal</LicenseTypeCode>
						<IssuingAuthority>
							<LocationSummary>
								<oa:CountrySubDivisionCode listID="US State Code">NC</oa:CountrySubDivisionCode>
								<CountryCode>US</CountryCode>
							</LocationSummary>
						</IssuingAuthority>
					</License>
				</SearchLicense>
			</PackageOrder>
		</ScreeningPackageOrder>
	</DataArea>
</ProcessScreeningPackageOrder>
<!--


Copyright The HR-XML Consortium. All Rights Reserved. http://www.hr-xml.org 
Copyright (c) 1997-2011 Open Applications Group, Inc. All Rights Reserved 
-->
