<?xml version="1.0" encoding="utf-8"?>
<ProcessScreeningOrder 
	systemEnvironmentCode="Production" 
	releaseID="3.2" 
	languageCode="en-US" 
	xsi:schemaLocation="http://www.hr-xml.org/3  ../Developer/BODs/ProcessScreeningOrder.xsd" 
	xmlns="http://www.hr-xml.org/3" 
	xmlns:oa="http://www.openapplications.org/oagis/9" 
	xmlns:xsi="http://www.w3.org/2001/XMLSchema-instance">
	<oa:ApplicationArea>
		<oa:CreationDateTime>2008-10-12T10:09:02.01Z</oa:CreationDateTime>
	</oa:ApplicationArea>
	<DataArea>
		<oa:Process>
			<oa:ActionCriteria>
				<oa:ActionExpression actionCode="Add">/ProcessScreeningOrder/DataArea/ScreeningOrder</oa:ActionExpression>
			</oa:ActionCriteria>
		</oa:Process>
		<ScreeningOrder majorVersionID="2" minorVersionID="1">
			<ScreeningUser>
				<UserID>userid</UserID>
				<AccessCredential>
					<AccessCredentialValue>password</AccessCredentialValue>
				</AccessCredential>
			</ScreeningUser>
			<CustomerParty>
				<PartyID>ABC123456</PartyID>
				<PartyReportingIDs agencyRoleCode="Customer" schemeID="">
					<ID schemeID="Cost Center">TestCostCenter</ID>
					<ID schemeID="Region">Eastern Region</ID>
				</PartyReportingIDs>
			</CustomerParty>
			<ScreeningPackage>
				<ScreeningSubject>
					<PersonLegalID schemeID="SSN">999-99-9999</PersonLegalID>
					<ScreeningSubjectName>
						<ScreeningPersonName>
							<ID/>
							<PersonName nameTypeCode="Current Name">
								<oa:GivenName>Jonathan</oa:GivenName>
								<MiddleName>Q</MiddleName>
								<FamilyName>Consumer</FamilyName>
							</PersonName>
						</ScreeningPersonName>
						<ScreeningPersonName>
							<PersonName nameTypeCode="Alias">
								<oa:GivenName>Johnny</oa:GivenName>
								<MiddleName/>
								<FamilyName>ConsumerB</FamilyName>
							</PersonName>
						</ScreeningPersonName>
					</ScreeningSubjectName>
					<Communication sequence="1" preferredIndicator="true">
						<Address>
							<oa:StreetName>Elm Street.</oa:StreetName>
							<oa:CityName>Morehead City</oa:CityName>
							<oa:CountrySubDivisionCode>NC</oa:CountrySubDivisionCode>
							<CountryCode>US</CountryCode>
							<oa:PostalCode>28557</oa:PostalCode>
						</Address>
					</Communication>
					<FreeFormBirthDate>
						<FormattedDateTime>1985-04-01</FormattedDateTime>
					</FreeFormBirthDate>
				</ScreeningSubject>
				<Screening>
					<ScreeningSearchTypeCode>Criminal</ScreeningSearchTypeCode>
					<SearchCriminal>
						<SearchCriminalTypeCode>Statewide</SearchCriminalTypeCode>
						<SearchPeriod>
							<oa:Duration>P7Y</oa:Duration>
						</SearchPeriod>
						<oa:CityName>Oldsmar</oa:CityName>
						<oa:CountrySubDivisionCode listID="State">FL</oa:CountrySubDivisionCode>
						<oa:CountrySubDivisionCode listID="County">Pinellas</oa:CountrySubDivisionCode>
						<CountryCode>US</CountryCode>
					</SearchCriminal>
				</Screening>
				<Screening>
					<ScreeningSearchTypeCode>Credit</ScreeningSearchTypeCode>
					<SearchCredit>
						<SearchCreditTypeCode>Summary</SearchCreditTypeCode>
						<CreditBureauCode>Experian</CreditBureauCode>
						<EndUserName>ABC Insurance Company</EndUserName>
						<ScreeningPermissiblePurposeCode>Employment</ScreeningPermissiblePurposeCode>
					</SearchCredit>
				</Screening>
			</ScreeningPackage>
		</ScreeningOrder>
	</DataArea>
</ProcessScreeningOrder>
<!--

Copyright The HR-XML Consortium. All Rights Reserved. http://www.hr-xml.org 
Copyright (c) 1997-2011 Open Applications Group, Inc. All Rights Reserved 
-->
