<?xml version="1.0" encoding="UTF-8"?>
<ProcessTimeCard systemEnvironmentCode="Production" releaseID="3.2" languageCode="en-US" xsi:schemaLocation="http://www.hr-xml.org/3  ../Developer/BODs/ProcessTimeCard.xsd" xmlns="http://www.hr-xml.org/3" xmlns:oa="http://www.openapplications.org/oagis/9" xmlns:xsi="http://www.w3.org/2001/XMLSchema-instance">
	<oa:ApplicationArea>
		<oa:CreationDateTime>2009-10-17T10:09:02.01Z</oa:CreationDateTime>
		<oa:BODID>PC2009-11-17-016</oa:BODID>
	</oa:ApplicationArea>
	<DataArea>
		<oa:Process>
			<oa:ActionCriteria>
				<oa:ActionExpression actionCode="Add">/ProcessTimeCard/DataArea/TimeCard</oa:ActionExpression>
				<oa:ChangeStatus>
					<oa:ReasonCode>New</oa:ReasonCode>
				</oa:ChangeStatus>
			</oa:ActionCriteria>
		</oa:Process>
		<TimeCard majorVersionID="1" minorVersionID="0">
			<DocumentID schemeAgencyID="StaffingCoInc.com">99999111888</DocumentID>
			<ReportedResource>
				<SpecifiedPerson>
					<PersonID>d026194</PersonID>
				</SpecifiedPerson>
			</ReportedResource>
			<ReportedPeriod>
				<StartDate>
					<FormattedDateTime>2009-05-01</FormattedDateTime>
				</StartDate>
				<EndDate>
					<FormattedDateTime>2009-05-18</FormattedDateTime>
				</EndDate>
			</ReportedPeriod>
			<TimeCardReportedItem>
				<ID>1</ID>
				<BillableIndicator>true</BillableIndicator>
				<PartyReportingIDs>
					<ID schemeID="Task">Repair</ID>
					<ID schemeID="Order">1212</ID>
					<ID schemeID="Cost Center">700</ID>
				</PartyReportingIDs>
				<TimeInterval>
					<TimeIntervalTypeCode>Regular</TimeIntervalTypeCode>
					<FreeFormEffectivePeriod>
						<StartDate>
							<FormattedDateTime>2009-05-07T08:00:00</FormattedDateTime>
						</StartDate>
						<EndDate>
							<FormattedDateTime>2009-05-07T16:00:00</FormattedDateTime>
						</EndDate>
						<oa:Duration>PT8H</oa:Duration>
					</FreeFormEffectivePeriod>
				</TimeInterval>
			</TimeCardReportedItem>
			<TimeCardReportedItem>
				<ID>2</ID>
				<BillableIndicator>true</BillableIndicator>
				<PartyReportingIDs>
					<ID schemeID="Task">Repair</ID>
					<ID schemeID="Order">1212</ID>
					<ID schemeID="Cost Center">700</ID>
				</PartyReportingIDs>
				<TimeInterval>
					<TimeIntervalTypeCode>Overtime</TimeIntervalTypeCode>
					<FreeFormEffectivePeriod>
						<StartDate>
							<FormattedDateTime>2009-05-07T08:00:00</FormattedDateTime>
						</StartDate>
						<EndDate>
							<FormattedDateTime>2009-05-07T16:00:00</FormattedDateTime>
						</EndDate>
						<oa:Duration>PT2H</oa:Duration>
					</FreeFormEffectivePeriod>
				</TimeInterval>
			</TimeCardReportedItem>
			<TimeCardReportedItem>
				<ID>3</ID>
				<BillableIndicator>false</BillableIndicator>
				<PartyReportingIDs>
					<ID schemeID="Task">Repair</ID>
					<ID schemeID="Order">1212</ID>
					<ID schemeID="Cost Center">700</ID>
				</PartyReportingIDs>
				<TimeInterval>
					<TimeIntervalTypeCode>Premium</TimeIntervalTypeCode>
					<FreeFormEffectivePeriod>
						<StartDate>
							<FormattedDateTime>2009-05-07</FormattedDateTime>
						</StartDate>
						<EndDate>
							<FormattedDateTime>2009-05-07</FormattedDateTime>
						</EndDate>
					</FreeFormEffectivePeriod>
					<TimeCardPayRate>
						<!-- Is paid a flat $20 as a premium for "dirty work" during hours scheduled 2009-05-07 -->
						<oa:Amount currencyID="USD">20</oa:Amount>
						<PayRateIntervalCode>Once</PayRateIntervalCode>
						<RateTypeCode>Dirty Work Premium</RateTypeCode>
					</TimeCardPayRate>
				</TimeInterval>
			</TimeCardReportedItem>
			<TimeCardReportedItem>
				<ID>4</ID>
				<PartyReportingIDs>
					<ID schemeID="Order">1212</ID>
					<ID schemeID="Cost Center">700</ID>
				</PartyReportingIDs>
				<Expense>
					<ExpenseTypeCode>Meal</ExpenseTypeCode>
					<BillableIndicator>true</BillableIndicator>
					<ExpenseDate>2009-05-07</ExpenseDate>
				</Expense>
			</TimeCardReportedItem>
			<TimeCardReportedItem>
				<ID>5</ID>
				<TimeInterval>
					<TimeIntervalTypeCode>Vacation</TimeIntervalTypeCode>
					<FreeFormEffectivePeriod>
						<StartDate><FormattedDateTime>2009-05-08</FormattedDateTime></StartDate>
						<EndDate><FormattedDateTime>2009-05-11</FormattedDateTime></EndDate>
						<oa:Duration>PT32H</oa:Duration>
					</FreeFormEffectivePeriod>
				</TimeInterval>
			</TimeCardReportedItem>
			<TimeCardReportedItem>
				<ID>6</ID>
				<BillableIndicator>true</BillableIndicator>
				<PartyReportingIDs>
					<ID schemeID="Task">Production</ID>
					<ID schemeID="Cost Center">800</ID>
				</PartyReportingIDs>
				<TimeInterval>
					<TimeIntervalTypeCode>Regular</TimeIntervalTypeCode>
					<FreeFormEffectivePeriod>
						<StartDate><FormattedDateTime>2009-05-14T08:00:00</FormattedDateTime></StartDate>
						<EndDate><FormattedDateTime>2009-05-14T17:00:00</FormattedDateTime></EndDate>
						<oa:Duration>PT4H</oa:Duration>
					</FreeFormEffectivePeriod>
				</TimeInterval>
			</TimeCardReportedItem>
			<TimeCardReportedItem>
				<ID>7</ID>
				<TimeInterval>
					<TimeIntervalTypeCode>Sickness</TimeIntervalTypeCode>
					<FreeFormEffectivePeriod>
						<StartDate><FormattedDateTime>2009-05-14T13:00:00</FormattedDateTime></StartDate>
						<EndDate><FormattedDateTime>2009-05-14T17:00:00</FormattedDateTime></EndDate>
						<oa:Duration>PT4H</oa:Duration>
					</FreeFormEffectivePeriod>
				</TimeInterval>
			</TimeCardReportedItem>
			<TimeCardReportedItem>
				<ID>8</ID>
				<TimeInterval>
					<TimeIntervalTypeCode>Sickness</TimeIntervalTypeCode>
					<FreeFormEffectivePeriod>
						<StartDate><FormattedDateTime>2009-05-15T08:00:00</FormattedDateTime></StartDate>
						<EndDate><FormattedDateTime>2009-05-18T15:00:00</FormattedDateTime></EndDate>
						<oa:Duration>PT4H</oa:Duration>
					</FreeFormEffectivePeriod>
				</TimeInterval>
			</TimeCardReportedItem>
		</TimeCard>
	</DataArea>
</ProcessTimeCard>
<!--


Copyright The HR-XML Consortium. All Rights Reserved. http://www.hr-xml.org 
Copyright (c) 1997-2011 Open Applications Group, Inc. All Rights Reserved 
-->
