<?xml version="1.0" encoding="UTF-8"?>
<ProcessAssessmentOrder systemEnvironmentCode="Production" releaseID="3.2" languageCode="en-US" xsi:schemaLocation="http://www.hr-xml.org/3 ../Developer/BODs/ProcessAssessmentOrder.xsd" xmlns="http://www.hr-xml.org/3" xmlns:oa="http://www.openapplications.org/oagis/9" xmlns:xsi="http://www.w3.org/2001/XMLSchema-instance">
	<oa:ApplicationArea>
		<oa:CreationDateTime>2008-10-12T10:09:02.01Z</oa:CreationDateTime>
	</oa:ApplicationArea>
	<DataArea>
		<oa:Process acknowledgeCode="Always">
			<oa:ActionCriteria>
				<oa:ActionExpression actionCode="Add">/ProcessAssessmentOrder/DataArea/AssessmentOrder</oa:ActionExpression>
			</oa:ActionCriteria>
		</oa:Process>
		<AssessmentOrder majorVersionID="1" minorVersionID="0">
			<DocumentID>53RR20031618</DocumentID>
			<CustomerParty>
				<PartyID>OurClient-1342</PartyID>
				<PartyReportingIDs>
					<ID schemeID="PO Number">53RR20031618</ID>
					<ID schemeID="Department Name">Administration</ID>
				</PartyReportingIDs>
			</CustomerParty>
			<PackageID validFrom="2003-01-24">Acct.2002.r1</PackageID>
			<ComparisonGroupID schemeID="Requisition Number">ACCT-1023-58</ComparisonGroupID>
			<AssessmentRequesterName>Dawn Dart</AssessmentRequesterName>
			<AssessmentSubject>
				<SubjectID schemeAgencyID="Recruiting Co">12345</SubjectID>
				<PersonName>
					<FormattedName>John Smith</FormattedName>
					<oa:GivenName>John</oa:GivenName>
					<FamilyName>Smith</FamilyName>
				</PersonName>
				<Communication>
					<ChannelCode>Email</ChannelCode>
					<UseCode>business</UseCode>
					<oa:URI>john.smith@epredix.com</oa:URI>
				</Communication>
			</AssessmentSubject>
			<AssessmentLanguageCode>EN-US</AssessmentLanguageCode>
			<AssessmentResultLanguageCode>en-US</AssessmentResultLanguageCode>
			<AssessmentResultLanguageCode>de-DE</AssessmentResultLanguageCode>
		</AssessmentOrder>
	</DataArea>
</ProcessAssessmentOrder>
<!--


Copyright The HR-XML Consortium. All Rights Reserved. http://www.hr-xml.org 
Copyright (c) 1997-2011 Open Applications Group, Inc. All Rights Reserved 
-->
