<?xml version="1.0" encoding="UTF-8"?>
<ProcessPositionOpening 
			systemEnvironmentCode="Production" 
			releaseID="3.2" 
			languageCode="en-US" 
			xsi:schemaLocation="http://www.hr-xml.org/3  ../Developer/BODs/ProcessPositionOpening.xsd" 
			xmlns="http://www.hr-xml.org/3" 
			xmlns:oa="http://www.openapplications.org/oagis/9" 
			xmlns:xsi="http://www.w3.org/2001/XMLSchema-instance">
	<oa:ApplicationArea>
		<oa:CreationDateTime>2009-10-15T10:09:02.01Z</oa:CreationDateTime>
		<oa:BODID>PC2009-11-17-234</oa:BODID>
	</oa:ApplicationArea>
	<DataArea>
		<oa:Process>
			<oa:ActionCriteria>
				<oa:ActionExpression actionCode="Add">/ProcessPositionOpening/DataArea/PositionOpening</oa:ActionExpression>
			</oa:ActionCriteria>
		</oa:Process>
		<PositionOpening majorVersionID="1" minorVersionID="0">
			<DocumentID schemeID="PostingID" schemeAgencyID="JobBoardInc.com">88811199999</DocumentID>
			<AlternateDocumentID validTo="2009-12-31" schemeID="RequsitionID" schemeAgencyID="StaffingCoInc">R123789</AlternateDocumentID>
			<PositionOpeningStatusCode>Active</PositionOpeningStatusCode>
			<PostingRequester>
				<PartyID schemeID="Client ID">1235123</PartyID>
				<PartyName>StaffingCoInc</PartyName>
				<PartyReportingIDs schemeAgencyID="ABC Inc., Corp. LTD">
					<ID schemeID="DepartmentID">Finance 901</ID>
					<ID schemeID="AccountID">1478111</ID>
					<ID schemeID="ProjectID">Eng 2009-1401</ID>
				</PartyReportingIDs>
				<PersonContact contactTypeCode="Order Placed By">
					<PersonName>
						<FormattedName>Bob Smith</FormattedName>
					</PersonName>
					<RoleName>Posting Coordinator</RoleName>
					<Communication>
						<ChannelCode>Telephone</ChannelCode>
						<oa:AreaDialing>312</oa:AreaDialing>
						<oa:DialNumber>-222-5555</oa:DialNumber>
					</Communication>
				</PersonContact>
				<PostingRequesterRoleCode>Staffing Agency</PostingRequesterRoleCode>
			</PostingRequester>
			<PositionProfile>
				<ID schemeID="Posting Profile ID">GSBusinessAnalyst 1</ID>
				<PositionID>03320-112355</PositionID>
				<PositionTitle>Business Analyst</PositionTitle>
				<PositionLocation>
					<LocationID>ABCIC Downtown</LocationID>
					<ReferenceLocation>
						<oa:CityName>Chicago</oa:CityName>
						<oa:CountrySubDivisionCode listID="US States">IL</oa:CountrySubDivisionCode>
						<oa:PostalCode>60606</oa:PostalCode>
					</ReferenceLocation>
				</PositionLocation>
				<PositionOrganization>
					<OrganizationalIdentifiers organizationalTypeCode="Unit">
						<OrganizationalName>Finance Department</OrganizationalName>
					</OrganizationalIdentifiers>
				</PositionOrganization>
		        <PositionOpenQuantity>1</PositionOpenQuantity>	
				<PositionQualifications>
					<PositionCompetency>
						<CompetencyName>Data Modeling</CompetencyName>
						<RequiredProficiencyLevel>
							<ScoreNumeric minimumScoreNumeric="1" maximumScoreNumeric="10">8</ScoreNumeric>
						</RequiredProficiencyLevel>
					</PositionCompetency>
					<PositionCompetency>
						<CompetencyName>Six Sigma</CompetencyName>
						<RequiredProficiencyLevel>
							<ScoreNumeric minimumScoreNumeric="1" maximumScoreNumeric="10">8</ScoreNumeric>
						</RequiredProficiencyLevel>
					</PositionCompetency>
					<PositionCompetency>
						<CompetencyName>Business Process Analysis</CompetencyName>
						<RequiredProficiencyLevel>
							<ScoreNumeric minimumScoreNumeric="1" maximumScoreNumeric="10">8</ScoreNumeric>
						</RequiredProficiencyLevel>
					</PositionCompetency>
					<EducationRequirement>
						<DegreeTypeCode>Bachelors</DegreeTypeCode>
					</EducationRequirement>
				</PositionQualifications>
				<PositionFormattedDescription>
					<ID>Post03320-112355</ID>
					<Content languageID="en"><![CDATA[
Business Analyst
Post Date: July 9, 2008
Location: Chicago
Assignment: Full Time
Pay Rate: $60,000 to $75,000 per year
 
Requirements:
Bachelors degree in Accounting or Finance. Three plus years of progressive, related experience, 
and ideally Six Sigma and/or Lean Manufacturing knowledge. Excellent communication skills. 
 
Description:
An extremely successful, large Cincinnati based company is seeking a Business Analyst as part 
of its business integration team. You will play a key role in process improvement and project 
management initiatives. ]]></Content>
				</PositionFormattedDescription>
			</PositionProfile>
		</PositionOpening>
	</DataArea>
</ProcessPositionOpening>
<!--


Copyright The HR-XML Consortium. All Rights Reserved. http://www.hr-xml.org 
Copyright (c) 1997-2011 Open Applications Group, Inc. All Rights Reserved 
-->
