<?xml version="1.0" encoding="UTF-8"?>
<ProcessTimeCard 
			systemEnvironmentCode="Production" 
			releaseID="3.2"  
			languageCode="en-US" 
			xsi:schemaLocation="http://www.hr-xml.org/3  ../Developer/BODs/ProcessTimeCard.xsd" 
			xmlns="http://www.hr-xml.org/3" 
			xmlns:oa="http://www.openapplications.org/oagis/9" 
			xmlns:xsi="http://www.w3.org/2001/XMLSchema-instance">
	<oa:ApplicationArea>
		<oa:CreationDateTime>2009-10-17T10:09:02.01Z</oa:CreationDateTime>
		<oa:BODID>PC2009-11-17-016</oa:BODID>
	</oa:ApplicationArea>
	<DataArea>
		<oa:Process>
			<oa:ActionCriteria>
				<oa:ActionExpression actionCode="Add">/ProcessTimeCard/DataArea/TimeCard</oa:ActionExpression>
				<oa:ChangeStatus>
					<oa:ReasonCode>New</oa:ReasonCode>
				</oa:ChangeStatus>
			</oa:ActionCriteria>
		</oa:Process>
		<TimeCard majorVersionID="1" minorVersionID="0">
			<DocumentID schemeAgencyID="StaffingCoInc.com">99999111888</DocumentID>
			<ReportedResource>
				<SpecifiedPerson>
					<PersonID>d026194</PersonID>
				</SpecifiedPerson>
			</ReportedResource>
			<ReportedPeriod>
				<StartDate>
					<FormattedDateTime>2009-05-01</FormattedDateTime>
				</StartDate>
				<EndDate>
					<FormattedDateTime>2009-05-18</FormattedDateTime>
				</EndDate>
			</ReportedPeriod>
			<TimeCardReportedItem>
				<ID>1</ID>
				<PartyReportingIDs>
					<ID schemeID="Order">1212</ID>
				</PartyReportingIDs>
				<TimeEvent>
					<TimeEventTypeCode>Clock In</TimeEventTypeCode>
					<ActualDateTime>2009-05-07T08:01:00Z</ActualDateTime>
				</TimeEvent>
			</TimeCardReportedItem>
			<TimeCardReportedItem>
				<ID>2</ID>
				<TimeEvent>
					<TimeEventTypeCode>Clock Out</TimeEventTypeCode>
					<ActualDateTime>2009-05-07T12:03:00Z</ActualDateTime>
				</TimeEvent>
			</TimeCardReportedItem>
			<TimeCardReportedItem>
				<ID>3</ID>
				<PartyReportingIDs>
					<ID schemeID="Order">1213</ID>
				</PartyReportingIDs>
				<TimeEvent>
					<TimeEventTypeCode>Clock In</TimeEventTypeCode>
					<ActualDateTime>2009-05-07T12:32:00Z</ActualDateTime>
				</TimeEvent>
			</TimeCardReportedItem>
			<TimeCardReportedItem>
				<ID>4</ID>
				<TimeEvent>
					<TimeEventTypeCode>Clock Out</TimeEventTypeCode>
					<ActualDateTime>2009-05-07T17:05:00Z</ActualDateTime>
				</TimeEvent>
			</TimeCardReportedItem>
			<TimeCardReportedItem>
				<ID>5</ID>
				<PartyReportingIDs>
					<ID schemeID="Order">1213</ID>
				</PartyReportingIDs>
				<TimeEvent>
					<TimeEventTypeCode>Clock In</TimeEventTypeCode>
					<ActualDateTime>2009-05-08T07:59:00Z</ActualDateTime>
				</TimeEvent>
			</TimeCardReportedItem>
			<TimeCardReportedItem>
				<ID>6</ID>
				<TimeEvent>
					<TimeEventTypeCode>Clock Out</TimeEventTypeCode>
					<ActualDateTime>2009-05-08T10:04:00Z</ActualDateTime>
				</TimeEvent>
			</TimeCardReportedItem>
		</TimeCard>
	</DataArea>
</ProcessTimeCard>
<!--


Copyright The HR-XML Consortium. All Rights Reserved. http://www.hr-xml.org 
Copyright (c) 1997-2011 Open Applications Group, Inc. All Rights Reserved 
-->
