<?xml version="1.0" encoding="UTF-8"?>
<ProcessTimeCard systemEnvironmentCode="Production" releaseID="3.2" languageCode="en-US" xsi:schemaLocation="http://www.hr-xml.org/3  ../Developer/BODs/ProcessTimeCard.xsd" xmlns="http://www.hr-xml.org/3" xmlns:oa="http://www.openapplications.org/oagis/9" xmlns:xsi="http://www.w3.org/2001/XMLSchema-instance">
	<oa:ApplicationArea>
		<oa:CreationDateTime>2009-05-19T10:09:02.01Z</oa:CreationDateTime>
		<oa:BODID>PC2009-11-17-016</oa:BODID>
	</oa:ApplicationArea>
	<DataArea>
		<oa:Process>
			<oa:ActionCriteria>
				<oa:ActionExpression actionCode="Add">/ProcessTimeCard/DataArea/TimeCard</oa:ActionExpression>
				<oa:ChangeStatus>
					<oa:ReasonCode>New</oa:ReasonCode>
				</oa:ChangeStatus>
			</oa:ActionCriteria>
		</oa:Process>
		<TimeCard majorVersionID="1" minorVersionID="0">
			<DocumentID schemeAgencyID="StaffingCoInc.com">99999111888</DocumentID>
			<ReportedResource>
				<SpecifiedPerson>
					<PersonID>d026194</PersonID>
				</SpecifiedPerson>
			</ReportedResource>
			<ReportedPeriod>
				<StartDate>
					<FormattedDateTime>2009-05-01</FormattedDateTime>
				</StartDate>
				<EndDate>
					<FormattedDateTime>2009-05-18</FormattedDateTime>
				</EndDate>
			</ReportedPeriod>
			<TimeCardReportedItem>
				<ID>1</ID>
				<BillableIndicator>true</BillableIndicator>
				<PartyReportingIDs>
					<ID schemeID="Task">Repair</ID>
					<ID schemeID="Order">1212</ID>
					<ID schemeID="Cost Center">700</ID>
				</PartyReportingIDs>
				<TimeInterval>
					<TimeIntervalTypeCode>Regular</TimeIntervalTypeCode>
					<FreeFormEffectivePeriod>
						<StartDate>
							<FormattedDateTime>2009-05-07</FormattedDateTime>
						</StartDate>
						<EndDate>
							<FormattedDateTime>2009-05-07</FormattedDateTime>
						</EndDate>
						<oa:Duration>PT8H</oa:Duration>
					</FreeFormEffectivePeriod>
					<Comment>Repair work per Order 1212</Comment>
				</TimeInterval>
			</TimeCardReportedItem>
			<TimeCardReportedItem>
				<ID>2</ID>
				<BillableIndicator>true</BillableIndicator>
				<PartyReportingIDs>
					<ID schemeID="Order">1212</ID>
					<ID schemeID="Cost Center">700</ID>
				</PartyReportingIDs>
				<Expense>
					<ExpenseTypeCode>Meal</ExpenseTypeCode>
					<ExpenseDate>2001-05-07</ExpenseDate>
					<ExpenseAmount currencyID="USD">10</ExpenseAmount>
				</Expense>
			</TimeCardReportedItem>
			<TimeCardReportedItem>
				<ID>3</ID>
				<TimeInterval>
					<FreeFormEffectivePeriod>
						<StartDate>
							<FormattedDateTime>2009-05-08</FormattedDateTime>
						</StartDate>
						<EndDate>
							<FormattedDateTime>2009-05-11</FormattedDateTime>
						</EndDate>
					</FreeFormEffectivePeriod>
				</TimeInterval>
			</TimeCardReportedItem>
			<TimeCardReportedItem>
				<ID>4</ID>
				<BillableIndicator>true</BillableIndicator>
				<PartyReportingIDs>
					<ID schemeID="Task">Production</ID>
					<ID schemeID="Cost Center">800</ID>
				</PartyReportingIDs>
				<TimeInterval>
					<TimeIntervalTypeCode>Regular</TimeIntervalTypeCode>
					<FreeFormEffectivePeriod>
						<StartDate>
							<FormattedDateTime>2009-05-14</FormattedDateTime>
						</StartDate>
						<EndDate>
							<FormattedDateTime>2009-05-14</FormattedDateTime>
						</EndDate>
						<oa:Duration>PT4H</oa:Duration>
					</FreeFormEffectivePeriod>
				</TimeInterval>
			</TimeCardReportedItem>
			<TimeCardReportedItem>
				<ID>5</ID>
				<BillableIndicator>false</BillableIndicator>
				<TimeInterval>
					<TimeIntervalTypeCode>Sickness</TimeIntervalTypeCode>
					<FreeFormEffectivePeriod>
						<StartDate>
							<FormattedDateTime>2009-05-14</FormattedDateTime>
						</StartDate>
						<EndDate>
							<FormattedDateTime>2009-05-14</FormattedDateTime>
						</EndDate>
						<oa:Duration>PT4H</oa:Duration>
					</FreeFormEffectivePeriod>
				</TimeInterval>
			</TimeCardReportedItem>
			<TimeCardReportedItem>
				<ID>6</ID>
				<BillableIndicator>false</BillableIndicator>
				<TimeInterval>
					<TimeIntervalTypeCode>Sickness</TimeIntervalTypeCode>
					<FreeFormEffectivePeriod>
						<StartDate>
							<FormattedDateTime>2009-05-15</FormattedDateTime>
						</StartDate>
						<EndDate>
							<FormattedDateTime>2009-05-18</FormattedDateTime>
						</EndDate>
					</FreeFormEffectivePeriod>
				</TimeInterval>
			</TimeCardReportedItem>
		</TimeCard>
	</DataArea>
</ProcessTimeCard>
<!--


Copyright The HR-XML Consortium. All Rights Reserved. http://www.hr-xml.org 
Copyright (c) 1997-2011 Open Applications Group, Inc. All Rights Reserved 
-->
