<?xml version="1.0" encoding="UTF-8"?>
<ProcessStaffingResource 
		systemEnvironmentCode="Production" 
		releaseID="3.2" 
		languageCode="en-US" 
		xsi:schemaLocation="http://www.hr-xml.org/3  ../Developer/BODs/ProcessStaffingResource.xsd" 
		xmlns="http://www.hr-xml.org/3" 
		xmlns:oa="http://www.openapplications.org/oagis/9" 
		xmlns:xsi="http://www.w3.org/2001/XMLSchema-instance">
	<oa:ApplicationArea>
		<oa:CreationDateTime>2009-10-17T10:09:02.01Z</oa:CreationDateTime>
		<oa:BODID>PC2009-11-17-016</oa:BODID>
	</oa:ApplicationArea>
	<DataArea>
		<oa:Process>
			<oa:ActionCriteria>
				<oa:ActionExpression actionCode="Add">/ProcessStaffingResource/DataArea/StaffingResource</oa:ActionExpression>
			</oa:ActionCriteria>
		</oa:Process>
		<StaffingResource majorVersionID="1" minorVersionID="0">
			<DocumentID schemeID="ResourceID" schemeAgencyID="JustAVMSInc.com">99999111888</DocumentID>
			<AlternateDocumentID schemeID="CandidateID" schemeAgencyID="GenericJobBoardCoInc.com">88811199999</AlternateDocumentID>
			<AlternateDocumentID schemeID="ResumeID" schemeAgencyID="ParseMeCo, Inc.">11188899999</AlternateDocumentID>
			<StaffingResourceStatusCode>New</StaffingResourceStatusCode>
			<StaffingRate>
               <RateTypeCode>Base</RateTypeCode>
            	<oa:Amount currencyID="USD">115</oa:Amount>
				<PayRateIntervalCode>Hour</PayRateIntervalCode>
 			</StaffingRate>
			<ResourcePerson>
				<PersonName>
					<oa:GivenName>Frank</oa:GivenName>
					<MiddleName>L</MiddleName>
					<FamilyName>Franklin</FamilyName>
					<PreferredSalutationCode>Mr.</PreferredSalutationCode>
					<GenerationAffixCode>III</GenerationAffixCode>
				</PersonName>
				<Communication>
					<Address currentAddressIndicator="true">
						<oa:AddressLine sequence="1">1234 Elm Street</oa:AddressLine>
						<oa:CityName>Rosemont</oa:CityName>
						<oa:CountrySubDivisionCode>IL</oa:CountrySubDivisionCode>
						<oa:PostalCode>60573</oa:PostalCode>
					</Address>
				</Communication>
				<Communication>
					<ChannelCode>Telephone</ChannelCode>
                     <UseCode>Business</UseCode>
                     <oa:DialNumber>312 323 5555</oa:DialNumber>
				</Communication>
				<Communication preferredIndicator="true">
					<ChannelCode>Telephone</ChannelCode>
                     <UseCode>Personal</UseCode>
                     <oa:DialNumber>312 444 5555</oa:DialNumber>
				</Communication>
				<Communication>
					<ChannelCode>Email</ChannelCode>
                     <oa:URI>franklin.frank@somedomain.com</oa:URI>
				</Communication>
				<CitizenshipCountryCode>CA</CitizenshipCountryCode>
				<ResidencyCountryCode>US</ResidencyCountryCode>
				<GenderCode>Male</GenderCode>
				<PrimaryLanguageCode>en</PrimaryLanguageCode>
			</ResourcePerson>
			<ResourceProfile>
				<PersonAvailability>
					<NoticePeriodMeasure unitCode="Week">2</NoticePeriodMeasure>
				</PersonAvailability>
				<AssociatedPositionOpening>
					<PositionOpeningID schemeAgencyID="This Co, Inc.">567987123</PositionOpeningID>
					<oa:URI>http://www.thiscoinc.com/jobs/567987123</oa:URI>
					<CandidateAssociationTypeCode>Candidate Applied</CandidateAssociationTypeCode>
				</AssociatedPositionOpening>
				<CandidateEmployerPreferences>
					<IndustryCode>Financial Services</IndustryCode>
					<IndustryCode>Brokerage</IndustryCode>
				</CandidateEmployerPreferences>
				<CandidatePositionPreferences>
					<PositionTitle>Financial Analyst</PositionTitle>
					<PositionTitle>Financial Planner</PositionTitle>
					<PositionTitle>Broker</PositionTitle>
					<OfferedRemunerationPackage>
						<RemunerationRange>
							<RemunerationMinimumAmount currencyID="USD">95000</RemunerationMinimumAmount>
							<RemunerationRateIntervalCode>Year</RemunerationRateIntervalCode>
						</RemunerationRange>
					</OfferedRemunerationPackage>
					<RelocationConsidered>
						<RelocationConsideredIndicator>true</RelocationConsideredIndicator>
						<oa:Description>Will consider positions in the greater Chicago metropolitan area and in the Northeast United States.</oa:Description>
					</RelocationConsidered>
				</CandidatePositionPreferences>
				<EmploymentHistory>
					<EmployerHistory>
						<OrganizationName>Johnson, Smith, &amp; Jones</OrganizationName>
						<EmploymentPeriod>
							<StartDate>
								<FormattedDateTime>2008-05</FormattedDateTime>
							</StartDate>
							<CurrentIndicator validFrom="2009-10-17">true</CurrentIndicator>
						</EmploymentPeriod>
						<PositionHistory>
							<PositionTitle>Chief Analyst</PositionTitle>
							<oa:Description><![CDATA[ 
* Coordinated execution of all analysis activities for the Americas and Asia Pacific businesses. 
* Developed market forecasts and reports.
* Developed and automated tactical reporting from Oracle reporting system. 
* Developed presentations for senior management.
* Performed special projects as needed. 
]]></oa:Description>
						</PositionHistory>
					</EmployerHistory>
				</EmploymentHistory>
				<EducationHistory>
					<EducationOrganizationAttendance>
						<OrganizationName>University of Toronto</OrganizationName>
						<AttendancePeriod>
							<StartDate>
								<FormattedDateTime>1999-09</FormattedDateTime>
								<DateText>Sept. 1999</DateText>
							</StartDate>
							<EndDate>
								<FormattedDateTime>2003-06</FormattedDateTime>
								<DateText>June 2003</DateText>
							</EndDate>
						</AttendancePeriod>
						<EducationDegree>
							<DegreeTypeCode>Baccalaureate</DegreeTypeCode>
							<DegreeMajor>
								<ProgramName>Business Administration</ProgramName>
								<ProgramConcentration>Accounting</ProgramConcentration>
							</DegreeMajor>
						</EducationDegree>
					</EducationOrganizationAttendance>
				</EducationHistory>
				<Licenses>
					<License>
						<LicenseID schemeAgencyID="FINRA.org">123-9999</LicenseID>
						<LicenseTypeCode>Series 7</LicenseTypeCode>
						<LicenseName>General Securities Representative</LicenseName>
						<FreeFormPeriod>
							<StartDate>
								<FormattedDateTime>2004-01-24</FormattedDateTime>
							</StartDate>
						</FreeFormPeriod>
					</License>
					<License>
						<LicenseID schemeAgencyID="FINRA.org">456-9999</LicenseID>
						<LicenseTypeCode>Series 24</LicenseTypeCode>
						<LicenseName>General Securities Principal</LicenseName>
						<FreeFormPeriod>
							<StartDate>
								<FormattedDateTime>2004-05-31</FormattedDateTime>
							</StartDate>
						</FreeFormPeriod>
					</License>
					<License>
						<LicenseID schemeAgencyID="FINRA.org">789-9999</LicenseID>
						<LicenseTypeCode>Series 63</LicenseTypeCode>
						<LicenseName>Uniform Securities Agent</LicenseName>
						<FreeFormPeriod>
							<StartDate>
								<FormattedDateTime>2004-01-24</FormattedDateTime>
							</StartDate>
						</FreeFormPeriod>
					</License>
				</Licenses>
				<Certifications>
					<Certification>
						<CertificationName>Chartered Financial Analyst (CFA)</CertificationName>
						<FreeFormEffectivePeriod>
							<StartDate><FormattedDateTime>2008-08</FormattedDateTime></StartDate>
						</FreeFormEffectivePeriod>
						<IssuingAuthority>
							<oa:Name>CFA Institute Worldwide</oa:Name>
							<LocationSummary>
								<oa:CityName>Charlottesville</oa:CityName>
								<oa:CountrySubDivisionCode listID="US States">VA</oa:CountrySubDivisionCode>
							</LocationSummary>
						</IssuingAuthority>
					</Certification>
				</Certifications>
				<PublicationHistory>
					<Publication>
						<Article>
							<PublicationTitle>Be The Stock Market: Feel the Chi!</PublicationTitle>
							<PublicationDate>
								<DateText>July 2003</DateText>
							</PublicationDate>
							<JournalName>Financial Times Journal Magazine Quarterly</JournalName>
							<ISSN>1234-5678</ISSN>
							<PageNumberFormat>7-9, 24</PageNumberFormat>
						</Article>
					</Publication>
				</PublicationHistory>
				<SpeakingHistory>
					<SpeakingEvent>
						<EventName>6th Annual Inaugural Industy Meeting</EventName>
						<EventDate>
							<DateText>July 14, 2003</DateText>
						</EventDate>
						<LocationSummary>
							<oa:CityName>Chicago</oa:CityName>
							<oa:CountrySubDivisionCode listID="US States">IL</oa:CountrySubDivisionCode>
						</LocationSummary>
					</SpeakingEvent>
				</SpeakingHistory>
				<OrganizationAffiliations>
					<OrganizationAffiliation>
						<OrganizationName>CFA Institute</OrganizationName>
						<AffiliatedOrganizationTypeCode>Professional</AffiliatedOrganizationTypeCode>
						<FreeFormPeriod>
							<StartDate>
								<DateText>2003 to Present</DateText>
							</StartDate>
							<oa:Description>CFA Institute is the global, not-for-profit association of investment professionals 
							that awards the CFA and CIPM designations.</oa:Description>
						</FreeFormPeriod>
					</OrganizationAffiliation>
				</OrganizationAffiliations>
			</ResourceProfile>
		</StaffingResource>
	</DataArea>
</ProcessStaffingResource>
<!--


Copyright The HR-XML Consortium. All Rights Reserved. http://www.hr-xml.org 
Copyright (c) 1997-2011 Open Applications Group, Inc. All Rights Reserved 
-->
