<?xml version="1.0" encoding="UTF-8"?>
<ProcessStaffingOrder 
		systemEnvironmentCode="Production" 
		releaseID="3.2" 
		languageCode="en-US" 
		xsi:schemaLocation="http://www.hr-xml.org/3  ../Developer/BODs/ProcessStaffingOrder.xsd" 
		xmlns="http://www.hr-xml.org/3" 
		xmlns:oa="http://www.openapplications.org/oagis/9" 
		xmlns:xsi="http://www.w3.org/2001/XMLSchema-instance">
	<oa:ApplicationArea>
		<oa:CreationDateTime>2009-06-11T08:21:25-07:00</oa:CreationDateTime>
	</oa:ApplicationArea>
	<DataArea>
		<oa:Process acknowledgeCode="Always">
			<oa:ActionCriteria>
				<oa:ActionExpression actionCode="Add">/ProcessScreeningOrder/DataArea/StaffingOrder</oa:ActionExpression>
				<oa:ChangeStatus>
					<oa:Code>New Order</oa:Code>
				</oa:ChangeStatus>
			</oa:ActionCriteria>
		</oa:Process>
		<StaffingOrder majorVersionID="1" minorVersionID="0">
			<DocumentID schemeAgencyID="IQN" schemeID="OrderID">265852</DocumentID>
				<StaffingOrderTypeCode>Requisition</StaffingOrderTypeCode>
				<CustomerParty>
				<PartyID schemeID="Customer ID" schemeAgencyID="IQN">20458</PartyID>
				<PartyReportingIDs>
					<ID schemeID="Department">Foothill Ranch NTS - Foothill Ranch, CA</ID>
					<ID schemeID="Location">CA</ID>
				</PartyReportingIDs>
				<PersonContact>
					<PersonName>
						<FormattedName>J, Alicia</FormattedName>
					</PersonName>
					<RoleName>Manager</RoleName>
				</PersonContact>
				<PersonContact>
					<PersonName>
						<FormattedName>R, Maria</FormattedName>
					</PersonName>
					<RoleName>Order Contact</RoleName>
					<RoleName>Position Contact</RoleName>
					<Communication>
						<ChannelCode>Telephone</ChannelCode>
						<oa:AreaDialing>949</oa:AreaDialing>
						<oa:DialNumber>555-4039</oa:DialNumber>
					</Communication>
					<Communication>
						<ChannelCode>Email</ChannelCode>
						<oa:URI>eiqn@kellyservices.com</oa:URI>
					</Communication>
				</PersonContact>
			</CustomerParty>
			<MultiVendorDistributionIndicator>false</MultiVendorDistributionIndicator>
			<StaffingRequisition>
				<ID schemeAgencyID="Assist! N Global" schemeID="ExternalReqNumber">265852</ID>
				<PositionID>1</PositionID>
				<PositionTitle>California - Material Handler</PositionTitle>
				<PositionOrganization>
				<OrganizationIdentifiers>
						<OrganizationName>Foothill Ranch</OrganizationName>
				</OrganizationIdentifiers>
				<OrganizationalIdentifiers organizationalTypeCode="Unit">
						<OrganizationalName>Tier 1 Distribution Centers</OrganizationalName>
				</OrganizationalIdentifiers>
				</PositionOrganization>
				<PositionOpenQuantity>3</PositionOpenQuantity>
				<JobCategoryCode>ETW/Warehouse/Distribution</JobCategoryCode>
				<PositionOfferingTypeCode>Contract</PositionOfferingTypeCode>
				<PositionFormattedDescription>
					<Content><![CDATA[Loads, unloads and moves material within or near worksite. 
Utilizes hand truck, dolly, pallet jack. 
May keep simple inventory records. 
Lifts a maximum of 50 pounds unassisted. 
Standing all day long, bending, lifting and twisting throughout the day. 
Team work and verbal communication skills required.]]></Content>
				</PositionFormattedDescription>
				<StaffingAvailability>
					<StartDate>
						<FormattedDateTime>2007-06-11T00:00:00-07:00</FormattedDateTime>
					</StartDate>
					<ExpectedEndDate>
						<FormattedDateTime>2007-06-30T00:00:00-07:00</FormattedDateTime>
					</ExpectedEndDate>
				</StaffingAvailability>
				<Shift>
					<ShiftDescription>NTS-Shift 1B - (M-F)</ShiftDescription>
				</Shift>
				<Schedule>
					<DaySchedule>
						<StartTime>07:00:00</StartTime>
					</DaySchedule>
				</Schedule>
				<ReportsToPerson>
					<PersonName>
						<FormattedName>R, Maria</FormattedName>
						<oa:GivenName>Maria</oa:GivenName>
						<FamilyName>R</FamilyName>
					</PersonName>
					<RelationshipTypeCode>Superviser</RelationshipTypeCode>
					<Communication>
						<ChannelCode>Telephone</ChannelCode>
						<oa:AreaDialing>800</oa:AreaDialing>
						<oa:DialNumber>-344-6453</oa:DialNumber>
					</Communication>
					<Communication>
						<ChannelCode>Email</ChannelCode>
						<oa:URI>Maria.R@N.com</oa:URI>
					</Communication>
				</ReportsToPerson>
				<StaffingRate validFrom="2009-06-11">
					<RateTypeCode>Regular</RateTypeCode>
					<RateStatusCode>Proposed</RateStatusCode>
					<oa:Amount currencyID="USD">113.80</oa:Amount>
					<PayRateIntervalCode>Hour</PayRateIntervalCode>
				</StaffingRate>
				<InterviewRequiredIndicator>false</InterviewRequiredIndicator>
				<ResumeRequiredIndicator>false</ResumeRequiredIndicator>
			</StaffingRequisition>
		</StaffingOrder>
	</DataArea>
</ProcessStaffingOrder>
<!--


Copyright The HR-XML Consortium. All Rights Reserved. http://www.hr-xml.org 
Copyright (c) 1997-2011 Open Applications Group, Inc. All Rights Reserved 
-->

