<?xml version="1.0" encoding="UTF-8"?>
<!--Sample XML file generated by XMLSPY v2004 rel. 2 U (http://www.xmlspy.com)-->
<ShowScreeningCatalogReport xmlns="http://www.hr-xml.org/3" xmlns:oa="http://www.openapplications.org/oagis/9" xmlns:xsi="http://www.w3.org/2001/XMLSchema-instance" releaseID="3.2" xsi:schemaLocation="http://www.hr-xml.org/3 ../Developer/BODs/ShowScreeningCatalogReport.xsd">
	<oa:ApplicationArea>
		<oa:Sender>
			<oa:LogicalID>7845987</oa:LogicalID>
			<oa:TaskID>1</oa:TaskID>
			<oa:ReferenceID>78</oa:ReferenceID>
			<oa:ConfirmationCode>OnError</oa:ConfirmationCode>
		</oa:Sender>
		<oa:Receiver>
			<oa:LogicalID>7845987</oa:LogicalID>
		</oa:Receiver>
		<oa:CreationDateTime>2009-08-13</oa:CreationDateTime>
	</oa:ApplicationArea>
	<DataArea>
		<oa:Show>
			<oa:OriginalApplicationArea>
				<oa:Sender>
					<oa:ConfirmationCode>OnError</oa:ConfirmationCode>
				</oa:Sender>
				<oa:CreationDateTime>2010-04-15</oa:CreationDateTime>
			</oa:OriginalApplicationArea>
			<oa:ResponseCriteria>
				<oa:ResponseExpression actionCode="Accepted">/ShowScreeningCatalogReport/DataArea/ScreeningCatalogReport/DocumentID</oa:ResponseExpression>
			</oa:ResponseCriteria>
		</oa:Show>
		<ScreeningCatalogReport majorVersionID="1" minorVersionID="0">
			<DocumentID>12345076</DocumentID>
			<SupplierParty>
				<PartyID>7845987</PartyID>
				<PartyName>CoreLogic</PartyName>
			</SupplierParty>
			<ScreeningCatalogJurisdictionalScope>
				<ScreeningSearchTypeCode>License</ScreeningSearchTypeCode>
				<ScreeningSearchTypeQualifierCode>MotorVehiclePersonalCommercial</ScreeningSearchTypeQualifierCode>
				<ReleaseRequirement>
					<ApplicableRegion>
						<CountryCode>US</CountryCode>
						<oa:CountrySubDivisionCode name="county">IA</oa:CountrySubDivisionCode>
					</ApplicableRegion>
					<oa:Description>Special release for Iowa</oa:Description>
				</ReleaseRequirement>
				<JurisdictionalSpecification>
					<ValidationRequirement>
						<oa:Description>9 numbers</oa:Description>
						<ApplicableRegion>
							<CountryCode>US</CountryCode>
							<oa:CityName>String</oa:CityName>
							<oa:CountrySubDivisionCode name="county">IA</oa:CountrySubDivisionCode>
						</ApplicableRegion>
						<RegularExpression>^(\d{9})|(\d{3}[A-Za-z]{2}\d{4})$</RegularExpression>
					</ValidationRequirement>
					<ValidationRequirement>
						<oa:Description>Combination of 9 letters and numbers</oa:Description>
						<ApplicableRegion>
							<CountryCode>US</CountryCode>
							<oa:CountrySubDivisionCode name="county">MT</oa:CountrySubDivisionCode>
						</ApplicableRegion>
						<RegularExpression>^[A-Za-z]\d{1}[A-Za-z0-9]\d{2}[A-Za-z]{3}\d{1}$</RegularExpression>
					</ValidationRequirement>
					<CostSpecification>
						<ApplicableRegion>
							<CountryCode>AC</CountryCode>
							<oa:CountrySubDivisionCode name="county">IA</oa:CountrySubDivisionCode>
						</ApplicableRegion>
						<ScreeningCost>
							<oa:BaseAmount currencyID="USD">17.00</oa:BaseAmount>
						</ScreeningCost>
					</CostSpecification>
				</JurisdictionalSpecification>
			</ScreeningCatalogJurisdictionalScope>
		</ScreeningCatalogReport>
	</DataArea>
</ShowScreeningCatalogReport>
<!--

Copyright The HR-XML Consortium. All Rights Reserved. http://www.hr-xml.org 
Copyright (c) 1997-2011 Open Applications Group, Inc. All Rights Reserved 
-->
