<?xml version="1.0" encoding="utf-8"?>
<ShowScreeningCatalogReport systemEnvironmentCode="Production" releaseID="3.2" languageCode="en-US" xsi:schemaLocation="http://www.hr-xml.org/3 ../Developer/BODs/ShowScreeningCatalogReport.xsd" xmlns="http://www.hr-xml.org/3" xmlns:oa="http://www.openapplications.org/oagis/9" xmlns:xsi="http://www.w3.org/2001/XMLSchema-instance">
	<oa:ApplicationArea>
		<oa:Sender>
			<oa:LogicalID>22225454</oa:LogicalID>
			<oa:TaskID>1</oa:TaskID>
			<oa:ReferenceID>123</oa:ReferenceID>
			<oa:ConfirmationCode>OnError</oa:ConfirmationCode>					</oa:Sender>
		<oa:Receiver>
			<oa:LogicalID>88452222</oa:LogicalID>
		</oa:Receiver>
		<oa:CreationDateTime>2009-03-29</oa:CreationDateTime>
	</oa:ApplicationArea>
	<DataArea>
		<oa:Show>
			<oa:OriginalApplicationArea>
				<oa:Sender>
					<oa:ConfirmationCode>OnError</oa:ConfirmationCode>
				</oa:Sender>
				<oa:CreationDateTime>2010-03-18</oa:CreationDateTime>
			</oa:OriginalApplicationArea>
			<oa:ResponseCriteria>
				<oa:ResponseExpression actionCode="Accepted">/ShowScreeningCatalogReport/DataArea/ScreeningCatalogReport/DocumentID</oa:ResponseExpression>
			</oa:ResponseCriteria>
		</oa:Show>
		<ScreeningCatalogReport majorVersionID="1" minorVersionID="0">
			<DocumentID>22333</DocumentID>
			<SupplierParty>
				<PartyID>22225454</PartyID>
				<PartyName>Applicant Insight</PartyName>
			</SupplierParty>
			<ScreeningCatalogJurisdictionalScope>
				<ScreeningSearchTypeCode>Criminal</ScreeningSearchTypeCode>
				<ScreeningSearchTypeQualifierCode>County</ScreeningSearchTypeQualifierCode>
				<JurisdictionalSpecification>
					<CostSpecification>
						<ApplicableRegion>
							<CountryCode>USA</CountryCode>
							<oa:CityName>Burbank</oa:CityName>
							<oa:CountrySubDivisionCode name="county">Los Angeles</oa:CountrySubDivisionCode>
						</ApplicableRegion>
						<ScreeningCost>
							<oa:BaseAmount currencyID="USD">15.00</oa:BaseAmount>
						</ScreeningCost>
					</CostSpecification>
				</JurisdictionalSpecification>
			</ScreeningCatalogJurisdictionalScope>
			<ScreeningCatalogJurisdictionalScope>
				<ScreeningSearchTypeCode>Criminal</ScreeningSearchTypeCode>
				<ScreeningSearchTypeQualifierCode>Civil</ScreeningSearchTypeQualifierCode>
				<JurisdictionalSpecification>
					<CostSpecification>
						<ApplicableRegion>
							<CountryCode>USA</CountryCode>
							<oa:CityName>Burbank</oa:CityName>
							<oa:CountrySubDivisionCode name="county">Los Angeles</oa:CountrySubDivisionCode>
						</ApplicableRegion>
						<ScreeningCost>
							<oa:BaseAmount currencyID="USD">12.00</oa:BaseAmount>
						</ScreeningCost>
					</CostSpecification>
				</JurisdictionalSpecification>
			</ScreeningCatalogJurisdictionalScope>
			<ScreeningCatalogJurisdictionalScope>
				<ScreeningSearchTypeCode></ScreeningSearchTypeCode>
				<ScreeningSearchTypeQualifierCode>Federal</ScreeningSearchTypeQualifierCode>
				<JurisdictionalSpecification>
					<CostSpecification>
						<ApplicableRegion>
							<CountryCode>USA</CountryCode>
							<oa:CityName>Burbank</oa:CityName>
							<oa:CountrySubDivisionCode name="county">Los Angeles</oa:CountrySubDivisionCode>
						</ApplicableRegion>
						<ScreeningCost>
							<oa:BaseAmount currencyID="USD">12.00</oa:BaseAmount>
						</ScreeningCost>
					</CostSpecification>
				</JurisdictionalSpecification>
			</ScreeningCatalogJurisdictionalScope>
		</ScreeningCatalogReport>
	</DataArea>
</ShowScreeningCatalogReport>
<!--

Copyright The HR-XML Consortium. All Rights Reserved. http://www.hr-xml.org 
Copyright (c) 1997-2011 Open Applications Group, Inc. All Rights Reserved 
-->
