<?xml version="1.0" encoding="UTF-8"?>
<ShowCandidate systemEnvironmentCode="Production" releaseID="3.2" languageCode="en-US" xsi:schemaLocation="http://www.hr-xml.org/3 ../Developer/BODs/ShowCandidate.xsd" xmlns="http://www.hr-xml.org/3" xmlns:oa="http://www.openapplications.org/oagis/9" xmlns:xsi="http://www.w3.org/2001/XMLSchema-instance">
	<oa:ApplicationArea>
		<oa:CreationDateTime>2010-04-21</oa:CreationDateTime>
	</oa:ApplicationArea>
	<DataArea>
		<oa:Show>
			<oa:OriginalApplicationArea>
				<oa:CreationDateTime>2010-04-21</oa:CreationDateTime>
				<oa:BODID>1234567890</oa:BODID>
			</oa:OriginalApplicationArea>
		</oa:Show>
		<Candidate majorVersionID="1" minorVersionID="0">
			<CandidatePerson>
				<PersonName>
					<oa:GivenName>Dmitri</oa:GivenName>
					<FamilyName>Ochikov</FamilyName>
				</PersonName>
			</CandidatePerson>
			<CandidateProfile>
				<EmploymentHistory>
					<EmployerHistory>
						<OrganizationName>IBM</OrganizationName>
						<PositionHistory>
							<PositionTitle>System Developer</PositionTitle>
							<EmploymentPeriod>
								<StartDate>
									<FormattedDateTime>2005-01-02</FormattedDateTime>
								</StartDate>
								<EndDate>
									<FormattedDateTime>2009-12-31</FormattedDateTime>
								</EndDate>
							</EmploymentPeriod>
							<oa:Description>System Developer in the Websphere Team </oa:Description>
						</PositionHistory>
					</EmployerHistory>
				</EmploymentHistory>
				<EducationHistory>
					<EducationOrganizationAttendance>
						<OrganizationName>Michigan State University</OrganizationName>
						<EducationDegree>
							<DegreeName>B.Sc.</DegreeName>
							<DegreeDate>
								<FormattedDateTime>2004</FormattedDateTime>
							</DegreeDate>
							<DegreeMajor>
								<ProgramName>Computer Science</ProgramName>
							</DegreeMajor>
						</EducationDegree>
					</EducationOrganizationAttendance>
				</EducationHistory>
			</CandidateProfile>
		</Candidate>
	</DataArea>
</ShowCandidate>
<!--

Copyright The HR-XML Consortium. All Rights Reserved. http://www.hr-xml.org 
Copyright (c) 1997-2011 Open Applications Group, Inc. All Rights Reserved 
-->
