<?xml version="1.0" encoding="utf-8"?>
<ShowScreeningCatalogReport systemEnvironmentCode="Production" releaseID="3.2" languageCode="en-US" xsi:schemaLocation="http://www.hr-xml.org/3 ../Developer/BODs/ShowScreeningCatalogReport.xsd" xmlns="http://www.hr-xml.org/3" xmlns:oa="http://www.openapplications.org/oagis/9" xmlns:xsi="http://www.w3.org/2001/XMLSchema-instance">
	<oa:ApplicationArea>
		<oa:Sender>
			<oa:LogicalID>22225454</oa:LogicalID>
			<oa:TaskID>1</oa:TaskID>
			<oa:ReferenceID>123</oa:ReferenceID>
			<oa:ConfirmationCode>OnError</oa:ConfirmationCode>
		</oa:Sender>
		<oa:Receiver>
			<oa:LogicalID>88452222</oa:LogicalID>
		</oa:Receiver>
		<oa:CreationDateTime>2009-03-29</oa:CreationDateTime>
	</oa:ApplicationArea>
	<DataArea>
		<oa:Show>
			<oa:OriginalApplicationArea>
				<oa:Sender>
					<oa:ConfirmationCode>OnError</oa:ConfirmationCode>
				</oa:Sender>
				<oa:CreationDateTime>2010-03-18</oa:CreationDateTime>
			</oa:OriginalApplicationArea>
			<oa:ResponseCriteria>
				<oa:ResponseExpression actionCode="Accepted">/ShowScreeningCatalogReport/DataArea/ScreeningCatalogReport/DocumentID</oa:ResponseExpression>
			</oa:ResponseCriteria>
		</oa:Show>
		<ScreeningCatalogReport majorVersionID="1" minorVersionID="0">
			<DocumentID>DOC12345</DocumentID>
			<SupplierParty>
				<PartyID>22225454</PartyID>
				<PartyName>CoreLogic</PartyName>
			</SupplierParty>
			<ScreeningCatalogCustomerScope>
				<ScreeningCatalogCustomerScopePackage>
					<PackageID>1234</PackageID>
					<oa:Name>Sales Screening Package</oa:Name>
					<oa:Description>Package for sales people that travel. </oa:Description>
					<PackageTypeCode>Graded</PackageTypeCode>
					<ServiceAvailabilityCode>Available</ServiceAvailabilityCode>
					<BaseCostAmount currencyID="USD">100.00</BaseCostAmount>
					<ScreeningCatalogCustomerScopeScreening>
						<ScreeningSearchTypeCode>Credit</ScreeningSearchTypeCode>
						<ScreeningSearchTypeQualifierCode>Full</ScreeningSearchTypeQualifierCode>
						<ApplicableRegion>
							<CountryCode>US</CountryCode>
						</ApplicableRegion>
						<MaximumCount>1.0</MaximumCount>
					</ScreeningCatalogCustomerScopeScreening>
					<ScreeningCatalogCustomerScopeScreening>
						<ScreeningSearchTypeCode>License</ScreeningSearchTypeCode>
						<ScreeningSearchTypeQualifierCode>MotorVehiclePersonal</ScreeningSearchTypeQualifierCode>
						<ApplicableRegion>
							<CountryCode>US</CountryCode>
						</ApplicableRegion>
						<SearchPeriod>
							<oa:InclusiveIndicator>true</oa:InclusiveIndicator>
							<oa:StartDateTime>1967-08-13</oa:StartDateTime>
							<oa:Duration>P1Y2M3DT10H30M</oa:Duration>
						</SearchPeriod>
						<MaximumCount>1.0</MaximumCount>
					</ScreeningCatalogCustomerScopeScreening>
					<ScreeningCatalogCustomerScopeScreening>
						<ScreeningSearchTypeCode>Criminal</ScreeningSearchTypeCode>
						<ScreeningSearchTypeQualifierCode>County</ScreeningSearchTypeQualifierCode>
						<ApplicableRegion>
							<CountryCode>US</CountryCode>
						</ApplicableRegion>
						<SearchPeriod>
							<oa:InclusiveIndicator>true</oa:InclusiveIndicator>
							<oa:Duration>P7Y</oa:Duration>
						</SearchPeriod>
					</ScreeningCatalogCustomerScopeScreening>
					<ScreeningCatalogCustomerScopeScreening>
						<ScreeningSearchTypeCode>Criminal</ScreeningSearchTypeCode>
						<ScreeningSearchTypeQualifierCode>NationWidePlus</ScreeningSearchTypeQualifierCode>
						<ApplicableRegion>
							<CountryCode>US</CountryCode>
						</ApplicableRegion>
						<SearchPeriod>
							<oa:InclusiveIndicator>true</oa:InclusiveIndicator>
							<oa:Duration>P7Y</oa:Duration>
						</SearchPeriod>
						<MaximumCount>1.0</MaximumCount>
					</ScreeningCatalogCustomerScopeScreening>
					<ScreeningCatalogCustomerScopeScreening>
						<ScreeningSearchTypeCode>Abuse</ScreeningSearchTypeCode>
						<ScreeningSearchTypeQualifierCode>Sexual</ScreeningSearchTypeQualifierCode>
						<ApplicableRegion>
							<CountryCode>US</CountryCode>
						</ApplicableRegion>
						<MaximumCount>1.0</MaximumCount>
					</ScreeningCatalogCustomerScopeScreening>
				</ScreeningCatalogCustomerScopePackage>
				<ScreeningCatalogCustomerScopePackage>
					<PackageID>1235</PackageID>
					<oa:Name>Standard Package</oa:Name>
					<oa:Description>Package for employees that do not visit customer sites</oa:Description>
					<PackageTypeCode>Graded</PackageTypeCode>
					<ServiceAvailabilityCode>Available</ServiceAvailabilityCode>
					<BaseCostAmount currencyID="USD">90.00</BaseCostAmount>
					<ScreeningCatalogCustomerScopeScreening>
						<ScreeningSearchTypeCode>Credit</ScreeningSearchTypeCode>
						<ScreeningSearchTypeQualifierCode>Summary</ScreeningSearchTypeQualifierCode>
						<ApplicableRegion>
							<CountryCode>US</CountryCode>
						</ApplicableRegion>
						<MaximumCount>1.0</MaximumCount>
					</ScreeningCatalogCustomerScopeScreening>
					<ScreeningCatalogCustomerScopeScreening>
						<ScreeningSearchTypeCode>Criminal</ScreeningSearchTypeCode>
						<ScreeningSearchTypeQualifierCode>County</ScreeningSearchTypeQualifierCode>
						<ApplicableRegion>
							<CountryCode>US</CountryCode>
						</ApplicableRegion>
						<SearchPeriod>
							<oa:InclusiveIndicator>true</oa:InclusiveIndicator>
							<oa:Duration>P7Y</oa:Duration>
						</SearchPeriod>
					</ScreeningCatalogCustomerScopeScreening>
					<ScreeningCatalogCustomerScopeScreening>
						<ScreeningSearchTypeCode>Criminal</ScreeningSearchTypeCode>
						<ScreeningSearchTypeQualifierCode>NationWidePlus</ScreeningSearchTypeQualifierCode>
						<ApplicableRegion>
							<CountryCode>US</CountryCode>
						</ApplicableRegion>
						<SearchPeriod>
							<oa:InclusiveIndicator>true</oa:InclusiveIndicator>
							<oa:Duration>P7Y</oa:Duration>
						</SearchPeriod>
						<MaximumCount>1.0</MaximumCount>
					</ScreeningCatalogCustomerScopeScreening>
				</ScreeningCatalogCustomerScopePackage>
			</ScreeningCatalogCustomerScope>
		</ScreeningCatalogReport>
	</DataArea>
</ShowScreeningCatalogReport>
<!--

Copyright The HR-XML Consortium. All Rights Reserved. http://www.hr-xml.org 
Copyright (c) 1997-2011 Open Applications Group, Inc. All Rights Reserved 
-->
