<?xml version="1.0" encoding="UTF-8"?>
<!-- Intended to illustrate a possible response to a
GetScreeningReport related to a specific order for
which a report is not yet available (still in progress).
-->
<ShowScreeningReport systemEnvironmentCode="Production" releaseID="3.2" languageCode="en-US" xmlns="http://www.hr-xml.org/3" xmlns:oa="http://www.openapplications.org/oagis/9" xmlns:xsi="http://www.w3.org/2001/XMLSchema-instance" xsi:schemaLocation="http://www.hr-xml.org/3 ../Developer/BODs/ShowScreeningReport.xsd">
	<oa:ApplicationArea>
		<oa:CreationDateTime>2008-04-05T12:10:10.10Z</oa:CreationDateTime>
	</oa:ApplicationArea>
	<DataArea>
		<oa:Show>
			<oa:OriginalApplicationArea>
				<oa:CreationDateTime>2008-04-05T12:08:10.10Z</oa:CreationDateTime>
			</oa:OriginalApplicationArea>
			<oa:ResponseCriteria>
				<oa:ResponseExpression actionCode="Accepted">/ShowScreeningReport/DataArea/ScreeningReport</oa:ResponseExpression>
			</oa:ResponseCriteria>
		</oa:Show>
		<ScreeningReport majorVersionID="2" minorVersionID="1">
			<DocumentID schemeID="Order ID">18508FGAS-0001</DocumentID>
			<ScreeningPackageResult>
				<ScreeningOrderStatusCode>In Progress</ScreeningOrderStatusCode>
			</ScreeningPackageResult>
		</ScreeningReport>
	</DataArea>
</ShowScreeningReport>
<!--


Copyright The HR-XML Consortium. All Rights Reserved. http://www.hr-xml.org 
Copyright (c) 1997-2011 Open Applications Group, Inc. All Rights Reserved 
-->
