<?xml version="1.0" encoding="utf-8"?>
<SyncScreeningCatalogReport xmlns="http://www.hr-xml.org/3" xmlns:oa="http://www.openapplications.org/oagis/9" xmlns:xsi="http://www.w3.org/2001/XMLSchema-instance" releaseID="3.2" xsi:schemaLocation="http://www.hr-xml.org/3 ../Developer/BODs/SyncScreeningCatalogReport.xsd">
	<oa:ApplicationArea>
		<oa:Sender>
			<oa:LogicalID>22225454</oa:LogicalID>
			<oa:TaskID>1</oa:TaskID>
			<oa:ReferenceID>123</oa:ReferenceID>
			<oa:ConfirmationCode>Always</oa:ConfirmationCode>
		</oa:Sender>
		<oa:Receiver>
			<oa:LogicalID>88452222</oa:LogicalID>
		</oa:Receiver>
		<oa:CreationDateTime>2009-10-12T10:10:05.02Z</oa:CreationDateTime>
		<oa:BODID>983765</oa:BODID>
	</oa:ApplicationArea>
	<DataArea>
		<oa:Sync>
			<oa:ActionCriteria>
				<oa:ActionExpression actionCode="Replace"></oa:ActionExpression>
			</oa:ActionCriteria>
		</oa:Sync>
		<ScreeningCatalogReport majorVersionID="1" minorVersionID="0">
			<SupplierParty>
				<PartyID>22225454</PartyID>
				<PartyName>Applicant Insight</PartyName>
			</SupplierParty>
			<ScreeningCatalogJurisdictionalScope>
				<ScreeningSearchTypeCode>Criminal</ScreeningSearchTypeCode>
				<ScreeningSearchTypeQualifierCode>County</ScreeningSearchTypeQualifierCode>
				<JurisdictionalSpecification>
					<CostSpecification>
						<ApplicableRegion>
							<CountryCode>USA</CountryCode>
							<oa:CityName>Burbank</oa:CityName>
							<oa:CountrySubDivisionCode name="county">Los Angeles</oa:CountrySubDivisionCode>
						</ApplicableRegion>
						<ScreeningCost>
							<oa:BaseAmount currencyID="USD">15.00</oa:BaseAmount>
						</ScreeningCost>
					</CostSpecification>
				</JurisdictionalSpecification>
			</ScreeningCatalogJurisdictionalScope>
			<ScreeningCatalogJurisdictionalScope>
				<ScreeningSearchTypeCode>Criminal</ScreeningSearchTypeCode>
				<ScreeningSearchTypeQualifierCode>Civil</ScreeningSearchTypeQualifierCode>
				<JurisdictionalSpecification>
					<CostSpecification>
						<ApplicableRegion>
							<CountryCode>USA</CountryCode>
							<oa:CityName>Burbank</oa:CityName>
							<oa:CountrySubDivisionCode name="county">Los Angeles</oa:CountrySubDivisionCode>
						</ApplicableRegion>
						<ScreeningCost>
							<oa:BaseAmount currencyID="USD">12.00</oa:BaseAmount>
						</ScreeningCost>
					</CostSpecification>
				</JurisdictionalSpecification>
			</ScreeningCatalogJurisdictionalScope>
			<ScreeningCatalogJurisdictionalScope>
				<ScreeningSearchTypeCode></ScreeningSearchTypeCode>
				<ScreeningSearchTypeQualifierCode>Federal</ScreeningSearchTypeQualifierCode>
				<JurisdictionalSpecification>
					<CostSpecification>
						<ApplicableRegion>
							<CountryCode>USA</CountryCode>
							<oa:CityName>Burbank</oa:CityName>
							<oa:CountrySubDivisionCode name="county">Los Angeles</oa:CountrySubDivisionCode>
						</ApplicableRegion>
						<ScreeningCost>
							<oa:BaseAmount currencyID="USD">12.00</oa:BaseAmount>
						</ScreeningCost>
					</CostSpecification>
				</JurisdictionalSpecification>
			</ScreeningCatalogJurisdictionalScope>
		</ScreeningCatalogReport>
	</DataArea>
</SyncScreeningCatalogReport>
<!--

Copyright The HR-XML Consortium. All Rights Reserved. http://www.hr-xml.org 
Copyright (c) 1997-2011 Open Applications Group, Inc. All Rights Reserved 
-->
