<?xml version="1.0" encoding="UTF-8"?>
<!-- This transaction processes the updated document (section 3), since the original eligibilty document expired. Note that the original document was a Foreign Passport with Form I-94.  The new document does not need to be the same document type.   -->
<ProcessEmploymentEligibilityI-9 systemEnvironmentCode="Production" releaseID="3.2" languageCode="en-US" xsi:schemaLocation="http://www.hr-xml.org/3 ../Developer/BODs/ProcessEmploymentEligibilityI-9.xsd" xmlns="http://www.hr-xml.org/3" xmlns:oa="http://www.openapplications.org/oagis/9" xmlns:xsi="http://www.w3.org/2001/XMLSchema-instance">
	<oa:ApplicationArea>
		<oa:Sender>
			<oa:LogicalID>9vn44urgb</oa:LogicalID>
			<oa:ConfirmationCode>OnError</oa:ConfirmationCode>
		</oa:Sender>
		<oa:CreationDateTime>2012-12-12T00:09:30.00Z</oa:CreationDateTime>
		<oa:BODID>WdxD34I-c34e-401b-9d0a-3Edm84iDd2x</oa:BODID>		
</oa:ApplicationArea>
	<DataArea>
		<oa:Process acknowledgeCode="Always">
			<oa:ActionCriteria>
				<oa:ActionExpression actionCode="Change" expressionLanguage="XPath">/ProcessEmploymentEligibilityI-9/DataArea/EmploymentEligibilityI-9/I-9Form/Section3</oa:ActionExpression>
			</oa:ActionCriteria>
		</oa:Process>
		<EmploymentEligibilityI-9 majorVersionID="1" minorVersionID="1">
			<DocumentID>A000002</DocumentID>
			<OrganizationID>10001</OrganizationID>
			<SupplierParty>
				<PartyName>I-9 Provider Company</PartyName>
			</SupplierParty>
			<I-9Form revisionDate="2009-01-02" expirationDate="2012-01-01">
				<Section3>
					<DocumentTitleListA>ForeignPassportWithI-94/AForm</DocumentTitleListA>
					<EligibilityDocumentID>A987654321</EligibilityDocumentID>
					<ExpirationDate>2015-12-31</ExpirationDate>
					<Attachment>
						<oa:EmbeddedData mimeCode="image/tiff">Z9pd29kLN7hjZ0dTQUxNQUFJR221RU1tQ1p0dU3ic2jos9ih</oa:EmbeddedData>
					</Attachment>
					<ElectronicSignature>
						<SignatureIndicator>true</SignatureIndicator>
						<SignatureDate>2010-12-12</SignatureDate>
					</ElectronicSignature>
				</Section3>
			</I-9Form>
		</EmploymentEligibilityI-9>
	</DataArea>
</ProcessEmploymentEligibilityI-9>
<!--


Copyright The HR-XML Consortium. All Rights Reserved. http://www.hr-xml.org 
Copyright (c) 1997-2008 Open Applications Group, Inc. All Rights Reserved 
-->
