<?xml version="1.0" encoding="UTF-8"?>
<!-- This is an example of a pre-ordered alcohol test with a positive result sent from the confirming Collection Site to the customer.  -->
<ProcessDrugTest languageCode="en-US" releaseID="3.2" systemEnvironmentCode="Production" xsi:schemaLocation="http://www.hr-xml.org/3 ../Developer/BODs/ProcessDrugTest.xsd" xmlns="http://www.hr-xml.org/3" xmlns:oa="http://www.openapplications.org/oagis/9" xmlns:xsi="http://www.w3.org/2001/XMLSchema-instance">
	<oa:ApplicationArea>
		<oa:Sender>
			<oa:LogicalID>AITPA</oa:LogicalID>
			<oa:ConfirmationCode>Always</oa:ConfirmationCode>
		</oa:Sender>
		<oa:CreationDateTime>2013-05-03T08:11:14.12Z</oa:CreationDateTime>
		<oa:BODID schemeName="GUID" schemeAgencyName="ATS">ee443-ddw2-44wf-9ek3-883i3nnkd30s</oa:BODID>
	</oa:ApplicationArea>
	<DataArea>
		<oa:Process acknowledgeCode="Always">
			<oa:ActionCriteria>
				<oa:ActionExpression actionCode="Add" expressionLanguage="XPath">/ProcessDrugTest/DataArea/DrugTest</oa:ActionExpression>
			</oa:ActionCriteria>
		</oa:Process>
		<DrugTest majorVersionID="1" minorVersionID="0" validFrom="2013-05-03">
			<DocumentID schemeAgencyName="TPA" schemeName="OrderID">123456</DocumentID>
			<DrugTestCustomer>
				<OrganizationID>ABC Trucking</OrganizationID>
				<OrganizationName>ABC Trucking</OrganizationName>
				<OrganizationUnit>
					<OrganizationUnitID>ABC Trucking Midwest</OrganizationUnitID>
					<OrganizationUnitName>ABC Trucking Midwest</OrganizationUnitName>
					<OrganizationUnitContact>
						<ContactName>Carrie Walters</ContactName>
						<RoleName>DER</RoleName>
					</OrganizationUnitContact>
				</OrganizationUnit>
				<DesignatedEmployerRepresentative>
					<PersonName>
						<FormattedName>Carrie Walters</FormattedName>
					</PersonName>
					<Communication>
						<ChannelCode>Telephone</ChannelCode>
						<oa:DialNumber>614-433-8493</oa:DialNumber>
						<oa:Extension>1245</oa:Extension>
					</Communication>
				</DesignatedEmployerRepresentative>
			</DrugTestCustomer>
		<DrugTestStatus>
				<DrugTestStatusCode>ConfirmationCompleted</DrugTestStatusCode>
			</DrugTestStatus>
			<SearchDrugTest>
				<DrugTestReasonCode>Random</DrugTestReasonCode>
				<OrderedDate>2013-05-03</OrderedDate>
				<ScheduledDate>2013-05-03</ScheduledDate>
				<ExpirationDate>2013-05-05</ExpirationDate>
				<HardExpireIndicator>true</HardExpireIndicator>
				<Regulation>
					<RegulatoryAgency>DOT</RegulatoryAgency>
					<RegulatoryMode>FRA</RegulatoryMode>
					<EmployeeCategory>Engine Service</EmployeeCategory>
				</Regulation>
				<SpecimenDonor>
					<ScreeningSubjectID schemeAgencyName="Customer" schemeName="EmployeeID">6001234</ScreeningSubjectID>
					<PersonName>
						<oa:GivenName>Jonathan</oa:GivenName>
						<FamilyName>Donor</FamilyName>
					</PersonName>
					<PositionTitle>Operator</PositionTitle>
					<FreeFormBirthDate>
						<FormattedDateTime>1966-03-14</FormattedDateTime>
					</FreeFormBirthDate>
					<Communication>
						<ChannelCode>Telephone</ChannelCode>
						<UseCode>Personal</UseCode>
						<oa:DialNumber>123-231-2586</oa:DialNumber>
					</Communication>
					<Communication>
						<ChannelCode>MobileTelephone</ChannelCode>
						<UseCode>Business</UseCode>
						<oa:DialNumber>123-123-3993</oa:DialNumber>
					</Communication>
					<Communication>
						<ChannelCode>Email</ChannelCode>
						<oa:Text>JDonor@abctrucking.com</oa:Text>
					</Communication>
					<SignatureDate>2013-05-05</SignatureDate>
					<DonorSignature>
						<PersonName>
							<FormattedName>Jonathan Donor</FormattedName>
						</PersonName>
						<SignatureDate>2013-05-05</SignatureDate>
						<Attachment>
							<oa:EmbeddedData format="Base64" mimeCode=".txt" encodingCode="URT-8">Sm9uYXRoYW4gRG9ub3I=</oa:EmbeddedData>
						</Attachment>
					</DonorSignature>
					<DonorIDVerificationIndicator>true</DonorIDVerificationIndicator>
				</SpecimenDonor>
				<SpecimenCollection>
					<SpecimenCollectionSite>
						<SpecimenCollectionSiteID>OKC123</SpecimenCollectionSiteID>
						<OrganizationName>Concentra-OKC</OrganizationName>
						<Communication>
							<UseCode>Personal</UseCode>
							<Address>
								<oa:AddressLine/>
								<oa:CityName>Kansas City</oa:CityName>
								<oa:CountrySubDivisionCode>OK</oa:CountrySubDivisionCode>
								<CountryCode>US</CountryCode>
							</Address>
						</Communication>
						<SpecimenCollectionSiteTypeCode>Contractor</SpecimenCollectionSiteTypeCode>
						<SpecimenCollector>
							<PersonName>
								<FormattedName>JaneDoe</FormattedName>
							</PersonName>
							<PositionTitle>BAT</PositionTitle>
							<SignatureDate>2013-05-03</SignatureDate>
						</SpecimenCollector>
					</SpecimenCollectionSite>
					<SpecimenCollectionSiteResult>
						<SpecimenID>847759</SpecimenID>
						<SpecimenCollectionDate>2013-05-03</SpecimenCollectionDate>
						<SpecimenTypeCode>Breath</SpecimenTypeCode>
						<DrugTestRefusalIndicator>false</DrugTestRefusalIndicator>
						<Device>
							<oa:Name>Pheonix 6.0</oa:Name>
							<ID>12339888</ID>
						</Device>
						<AlcoholTest>
							<AlcoholTestID>292</AlcoholTestID>
							<BATCertifiedIndicator>true</BATCertifiedIndicator><AlcoholWaitMinutes>15</AlcoholWaitMinutes>
							<AlcoholResult>0.040</AlcoholResult>
						</AlcoholTest>
					</SpecimenCollectionSiteResult>
					<SpecimenCollectionSiteResult>
						<SpecimenID>847932</SpecimenID>
						<SpecimenCollectionDate>2013-05-03</SpecimenCollectionDate>
						<SpecimenTypeCode>Breath</SpecimenTypeCode>
						<DrugTestRefusalIndicator>false</DrugTestRefusalIndicator>
						<Device>
							<oa:Name>Pheonix 6.0</oa:Name>
							<ID>12339888</ID>
						</Device>
						<AlcoholTest>
							<AlcoholTestID>293</AlcoholTestID>
							<BATCertifiedIndicator>true</BATCertifiedIndicator><AlcoholWaitMinutes>15</AlcoholWaitMinutes><AlcoholConfirmationIndicator>true</AlcoholConfirmationIndicator>
							<AlcoholResult>0.035</AlcoholResult>
						</AlcoholTest>
					</SpecimenCollectionSiteResult>
				</SpecimenCollection>
			</SearchDrugTest>
		</DrugTest>
	</DataArea>
</ProcessDrugTest>
