<?xml version="1.0" encoding="UTF-8"?>
<AcknowledgeWorkerOnBoarding releaseID="3.2" languageCode="en-US" 
			systemEnvironmentCode="Production" 
			xsi:schemaLocation="http://www.hr-xml.org/3 ../Developer/BODs/AcknowledgeWorkerOnBoarding.xsd" 
			xmlns="http://www.hr-xml.org/3" 
			xmlns:oa="http://www.openapplications.org/oagis/9" 
			xmlns:xsi="http://www.w3.org/2001/XMLSchema-instance">

	<oa:ApplicationArea>
		<oa:Sender>
			<oa:LogicalID>9vn44urgb</oa:LogicalID>
		</oa:Sender>
		<oa:CreationDateTime>2011-02-01T10:10:10.01Z</oa:CreationDateTime>
		<oa:BODID schemeName="GUID">eff87e88-c34e-401b-9d0a-615ba5e0f667</oa:BODID>
	</oa:ApplicationArea>

	<DataArea>
		<oa:Acknowledge>
			<oa:OriginalApplicationArea>
				<oa:Sender>
					<oa:LogicalID>e99fnp2</oa:LogicalID>
					<oa:ConfirmationCode>OnError</oa:ConfirmationCode>
				</oa:Sender>
				<oa:CreationDateTime>2011-02-01T10:09:02.01Z</oa:CreationDateTime>
				<oa:BODID schemeName="GUID">ecd87e88-c34e-401b-9d0a-615ba5e0f6bb</oa:BODID>
			</oa:OriginalApplicationArea>
			<oa:ResponseCriteria>
				<oa:ResponseExpression actionCode="Accepted" expressionLanguage="XPath">/AcknowledgeWorkerOnBoarding/DataArea/WorkerOnBoarding</oa:ResponseExpression>
			</oa:ResponseCriteria>
		</oa:Acknowledge>
	
		<WorkerOnBoarding majorVersionID="1" minorVersionID="0">
			<DocumentID schemeAgencyName="HRIS" schemeName="CompanyOnboardingID">ON-48372</DocumentID>
			<AlternateDocumentID schemeAgencyName="ATS" schemeName="OnboardingTransactionID">b3923e66</AlternateDocumentID>
			<OnBoardingPerson>
				<PersonID schemeAgencyName="ATS" schemeName="ApplicantID">ebf81291-3dcc-4a66-8355-64881e1d7659</PersonID>
			</OnBoardingPerson>
			<OnBoardingEmployee>
				<EmployeeID schemeAgencyName="HRIS" schemeName="EmployeeID">EMP-98493</EmployeeID>
			</OnBoardingEmployee>
		</WorkerOnBoarding>
	</DataArea>
</AcknowledgeWorkerOnBoarding>
<!--
Copyright The HR-XML Consortium. All Rights Reserved. http://www.hr-xml.org 
Copyright (c) 1997-2011 Open Applications Group, Inc. All Rights Reserved 
-->