<?xml version="1.0" encoding="UTF-8"?>
<!--This ConfirmBod will acknowledge receipt of the GetScreeningVendorOrder only in addition to the fact that the request was rejected.  In this instanct the request was for a late list, XML was well formed however, the authentication failed as identified by <ResponseExpression actionCode="Accepted" as well as an XPATH to the BODID in the  GetScreeningVendorOrder.  -->
<ConfirmBOD releaseID="3.2" languageCode="en-US" xsi:schemaLocation="http://www.openapplications.org/oagis/9 ..\..\..\org_openapplications_platform\1_2\BODs\ConfirmBOD.xsd" xmlns="http://www.openapplications.org/oagis/9" xmlns:xsi="http://www.w3.org/2001/XMLSchema-instance">
	<ApplicationArea>
		<Sender>
			<LogicalID>CL6789</LogicalID>
		</Sender>
		<Receiver>
			<LogicalID>123456</LogicalID>
		</Receiver>
		<CreationDateTime>2010-07-16T19:25:31.35-05:00</CreationDateTime>
		<!-- BODID in the ApplicationArea will be unique for every BOD -->
		<BODID>cd75db67-3baf-4dca-8633-ec805b7c3b02</BODID>
	</ApplicationArea>
	<DataArea>
		<Confirm>
			<OriginalApplicationArea>
				<Sender>
					<LogicalID>123456</LogicalID>
					<TaskID>RequestInformationResponse</TaskID>
					<ConfirmationCode>Always</ConfirmationCode>
				</Sender>
				<Receiver>
					<LogicalID>CL6789</LogicalID>
				</Receiver>
				<CreationDateTime>2010-07-16T19:25:30.45-05:00</CreationDateTime>
				<BODID>cd75db67-3baf-4dca-8633-ec805b7c3b01</BODID>
			</OriginalApplicationArea>
			<ResponseCriteria>
				<ResponseExpression actionCode="Accepted" expressionLanguage="XPATH">/ConfirmBOD/DataArea/BOD/BODSuccessMessage/NounSuccessMessage</ResponseExpression>
			</ResponseCriteria>
		</Confirm>
		<BOD>
			<BODSuccessMessage>
				<NounSuccessMessage/>
			</BODSuccessMessage>
		</BOD>
	</DataArea>
</ConfirmBOD>
