<?xml version="1.0" encoding="utf-8"?>
<ProcessWorkerOnBoarding releaseID="3.2" languageCode="en-US" 
		systemEnvironmentCode="Production" 
		xsi:schemaLocation="http://www.hr-xml.org/3 ../Developer/BODs/ProcessWorkerOnBoarding.xsd" 
		xmlns="http://www.hr-xml.org/3"
		xmlns:oa="http://www.openapplications.org/oagis/9"
		xmlns:xsi="http://www.w3.org/2001/XMLSchema-instance">
		
	<oa:ApplicationArea>
		<oa:Sender>
			<oa:LogicalID>Pr6556</oa:LogicalID>
			<oa:ConfirmationCode>Always</oa:ConfirmationCode>
		</oa:Sender>
		<oa:CreationDateTime>2011-03-10T22:09:02.01Z</oa:CreationDateTime>
		<oa:BODID>56j34-d9e3-304b-9d0a-490lx3d3g3sd</oa:BODID>
	</oa:ApplicationArea>

	<DataArea>
		<oa:Process acknowledgeCode="Always">
			<oa:ActionCriteria>
				<oa:ActionExpression actionCode="Change" expressionLanguage="XPath">//WorkerOnBoarding/OnBoardingEmployee[EmployeeID="EMP-56345"]</oa:ActionExpression>
			</oa:ActionCriteria>
		</oa:Process>

		<WorkerOnBoarding majorVersionID="1" minorVersionID="0">
			<DocumentID schemeAgencyName="HRIS" schemeName="CompanyOnboardingID">ON-21345</DocumentID>
			<OnBoardingPerson>
				<PersonID schemeAgencyName="ATS" schemeName="ApplicantID">ebf878610-3dcc-4a66-8355-64881e1d8940</PersonID>
				<PersonName>
					<FormattedName>Sally Joan Underhill</FormattedName>
				</PersonName>
			</OnBoardingPerson>
			<OnBoardingEmployee>
				<EmployeeID schemeAgencyName="HRIS" schemeName="EmployeeID">EMP-56345</EmployeeID>
			</OnBoardingEmployee>
			<OnBoardingDeployment>
				<WorkLocation>
					<LocationID schemeAgencyName="XYZCompany" schemeName="OfficeLocationID">Office783</LocationID>
					<LocationName>Norristown Office</LocationName>
				</WorkLocation>
				<ContractAgreementTimePeriod>
					<oa:Duration>P12M</oa:Duration>
				</ContractAgreementTimePeriod>
			</OnBoardingDeployment>
			<Attachment>
				<oa:EmbeddedData encodingCode="base64" filename="Sally Joan Underhill contract e-signed 2011-03-12.pdf" mimeCode="">
Lk9Fb35T8uwQJ74=</oa:EmbeddedData>
				<oa:Description>Updated contract with new location, extended duration</oa:Description>
			</Attachment>
		</WorkerOnBoarding>
	</DataArea>
</ProcessWorkerOnBoarding>
<!--
Copyright The HR-XML Consortium. All Rights Reserved. http://www.hr-xml.org 
Copyright (c) 1997-2011 Open Applications Group, Inc. All Rights Reserved 
-->