<?xml version="1.0" encoding="UTF-8"?>
<!--The function of this document is for the CRA to request the status of a single order.  Typically, the provider will need to perform some research in order to provide and estimated completion date and reason for the delay..-->
<ShowScreeningVendorOrder releaseID="3.2" languageCode="en-US" xsi:schemaLocation="http://www.hr-xml.org/3 ../Developer/BODs/ShowScreeningVendorOrder.xsd" xmlns="http://www.hr-xml.org/3" xmlns:oa="http://www.openapplications.org/oagis/9" xmlns:xsi="http://www.w3.org/2001/XMLSchema-instance">
	<oa:ApplicationArea>
		<oa:Sender>
			<oa:LogicalID>123456</oa:LogicalID>
			<oa:TaskID>RequestInformationResponse</oa:TaskID>
			<oa:ConfirmationCode>Always</oa:ConfirmationCode>
		</oa:Sender>
		<oa:Receiver>
			<oa:LogicalID>CL6789</oa:LogicalID>
		</oa:Receiver>
		<oa:CreationDateTime>2010-07-16T19:25:30.45-05:00</oa:CreationDateTime>
		<oa:BODID>cd75db67-3baf-4dca-8633-ec805b7c3b01</oa:BODID>
	</oa:ApplicationArea>
	<DataArea>
		<oa:Show recordSetCompleteIndicator="true" recordSetTotal="2">
			<oa:ResponseCriteria>
				<oa:ResponseExpression actionCode="Modified" expressionLanguage="XPATH">/ShowScreeningVendorOrder/DataArea/ScreeningVendorOrder[1]/ScreeningVendorSubject/ScreeningVendorPerson/MotherName/FormerFamilyName</oa:ResponseExpression>
			</oa:ResponseCriteria>
			<oa:ResponseCriteria>
				<oa:ResponseExpression actionCode="Modified" expressionLanguage="XPATH">/ShowScreeningVendorOrder/DataArea/ScreeningVendorOrder[2]/ScreeningVendorSubject/ScreeningVendorPerson/PersonLegalID[1]</oa:ResponseExpression>
			</oa:ResponseCriteria>
			<oa:ResponseCriteria>
				<oa:ResponseExpression actionCode="Modified" expressionLanguage="XPATH">/ShowScreeningVendorOrder/DataArea/ScreeningVendorOrder[2]/ScreeningVendorSubject/ScreeningVendorPerson/PersonLegalID[2]</oa:ResponseExpression>
			</oa:ResponseCriteria>
			<oa:ResponseCriteria>
				<oa:ResponseExpression actionCode="Modified" expressionLanguage="XPATH">/ShowScreeningVendorOrder/DataArea/ScreeningVendorOrder[2]/ScreeningVendorCourtOrder/Attachment</oa:ResponseExpression>
			</oa:ResponseCriteria>
		</oa:Show>
		<ScreeningVendorOrder majorVersionID="1" minorVersionID="0">
			<DocumentID schemeID="RequestID" schemeAgencyName="FADV">123456</DocumentID>
			<AlternateDocumentID schemeID="ProviderOrderID" schemeAgencyName="Provider">987654</AlternateDocumentID>
			<!--Note that some CRA's may require the abilitiy for the provider to return more then one Id -->
			<AlternateDocumentID schemeAgencyName="CRA" schemeName="OrderId">222456790</AlternateDocumentID>
			<AlternateDocumentID schemeAgencyName="CRA" schemeName="CaseId">17836375</AlternateDocumentID>
			<!--Note that some CRA's may not store and have the abilitiy to return  the Providers Id-->
			<AlternateDocumentID schemeAgencyName="Provider">123784</AlternateDocumentID>
			<UserID>ccorner@fadv.com</UserID>
			<AccessCredential>
				<AccessCredentialValue>password</AccessCredentialValue>
			</AccessCredential>
			<!-- This information could be used for additional subject confirmation.  It's not necessary to include the subject information in an RFI request. -->
			<ScreeningVendorSubject>
				<ScreeningVendorSubjectTypeCode>Person</ScreeningVendorSubjectTypeCode>
				<ScreeningVendorPerson>
					<PersonLegalID schemeAgencyID="US" schemeAgencyName="SSA">123456789</PersonLegalID>
					<PrimarySubjectIndicator>true</PrimarySubjectIndicator>
					<ScreeningVendorPersonName>
						<ScreeningSubjectTypeCode>Current</ScreeningSubjectTypeCode>
						<PersonName nameTypeCode="CurrentName">
							<oa:GivenName>Jane</oa:GivenName>
							<MiddleName>A</MiddleName>
							<FamilyName>Doe</FamilyName>
						</PersonName>
					</ScreeningVendorPersonName>
					<MotherName nameTypeCode="BirthName">
						<FormerFamilyName>Jones</FormerFamilyName>
					</MotherName>
				</ScreeningVendorPerson>
			</ScreeningVendorSubject>
			<SubmittedDateTime>2010-07-16T19:20:30.45-05:00</SubmittedDateTime>
		</ScreeningVendorOrder>
		<ScreeningVendorOrder>
			<DocumentID schemeID="RequestID" schemeAgencyName="FADV">123457</DocumentID>
			<AlternateDocumentID schemeID="ProviderOrderID" schemeAgencyName="Provider">9048907</AlternateDocumentID>
			<!--Note that some CRA's may require the abilitiy for the provider to return more then one Id -->
			<AlternateDocumentID schemeAgencyName="CRA" schemeName="OrderId">222456789</AlternateDocumentID>
			<AlternateDocumentID schemeAgencyName="CRA" schemeName="Cased">17836475</AlternateDocumentID>
			<!--Note that some CRA's may not store and have the abilitiy to return  the Providers Id-->
			<AlternateDocumentID schemeAgencyName="Provider">987654</AlternateDocumentID>
			<UserID>ccorner@fadv.com</UserID>
			<AccessCredential>
				<AccessCredentialValue>password</AccessCredentialValue>
			</AccessCredential>
			<ScreeningVendorSubject>
					<ScreeningVendorPerson>
						<!-- The following RelatedId points to the attachment below. It is the general release needed.-->
						<PersonLegalID schemeAgencyID="US" schemeAgencyName="SSA">123456999</PersonLegalID>
						<PersonLegalID schemeAgencyID="VA" schemeAgencyName="DMV">999123231</PersonLegalID>
						<RelatedID schemeAgencyName="CRA" schemeName="DocumentId">5544</RelatedID>
					</ScreeningVendorPerson>
			</ScreeningVendorSubject>
			<SubmittedDateTime>2010-07-15T10:10:30.45-05:00</SubmittedDateTime>
			<ScreeningVendorCourtOrder>
				<Attachment>
					<AttachmentID>5544</AttachmentID>
					<oa:EmbeddedData mimeCode="image\tiff">UjBsR09EbGhjZ0dTQUxNQUFBUUNBRU1tQ1p0dU1GUXhEUzhi</oa:EmbeddedData>
					<oa:FileName>222456889Release.tif</oa:FileName>
					<DocumentDateTime>2011-03-01</DocumentDateTime>
					<oa:Description>Special Notarized Release</oa:Description>
					<oa:FileType>tif</oa:FileType>
				</Attachment>
			</ScreeningVendorCourtOrder>
		</ScreeningVendorOrder>
	</DataArea>
</ShowScreeningVendorOrder>
