<?xml version="1.0" encoding="UTF-8"?>
<!--Sample XML file generated by XMLSpy v2009 sp1 (http://www.altova.com)-->
<ShowScreeningVendorOrder systemEnvironmentCode="Production" releaseID="3.2" xsi:schemaLocation="http://www.hr-xml.org/3 ../Developer/BODs/ShowScreeningVendorOrder.xsd" xmlns="http://www.hr-xml.org/3" xmlns:oa="http://www.openapplications.org/oagis/9" xmlns:xsi="http://www.w3.org/2001/XMLSchema-instance">
	<oa:ApplicationArea>
		<oa:Sender>
			<oa:LogicalID>CRAServerName</oa:LogicalID>
			<oa:TaskID>New</oa:TaskID>
			<oa:ConfirmationCode>Always</oa:ConfirmationCode>
		</oa:Sender>
		<oa:Receiver>
			<oa:LogicalID>ProviderServerName</oa:LogicalID>
			<oa:ComponentID>ORDER PROCESSING</oa:ComponentID>
			<oa:ID schemeAgencyID="ProviderName">123</oa:ID>
		</oa:Receiver>
		<oa:CreationDateTime>2011-03-01</oa:CreationDateTime>
		<oa:BODID>EA83659F-DEF2-456C-B9C0-9D33A2F7C0072</oa:BODID>
	</oa:ApplicationArea>
	<DataArea>
		<oa:Show recordSetTotal="1" recordSetCount="1" recordSetCompleteIndicator="true" recordSetStartNumber="1">
			<oa:OriginalApplicationArea>
				<oa:Sender>
					<oa:LogicalID>ProviderServerName</oa:LogicalID>
					<oa:ComponentID>ORDER PROCESSING</oa:ComponentID>
					<oa:TaskID>New</oa:TaskID>
					<oa:ConfirmationCode>Always</oa:ConfirmationCode>
				</oa:Sender>
				<oa:Receiver>
					<oa:LogicalID>CRAServerName</oa:LogicalID>
					<oa:ComponentID>ORDER PROCESSING</oa:ComponentID>
					<oa:ID schemeAgencyID="CRAName">123123123</oa:ID>
				</oa:Receiver>
				<oa:CreationDateTime>2011-03-01</oa:CreationDateTime>
				<oa:BODID>EA83659F-DEF2-456C-B9C0-9D33A2F7C0071</oa:BODID>
			</oa:OriginalApplicationArea>
			<oa:ResponseCriteria>
				<oa:ResponseExpression expressionLanguage="XPATH" actionCode="Accepted">/ShowScreeningVendorOrder/DataArea/ScreeningVendorOrder</oa:ResponseExpression>
			</oa:ResponseCriteria>
		</oa:Show>
		<ScreeningVendorOrder majorVersionID="1" minorVersionID="0">
			<DocumentID schemeAgencyName="CRA" schemeName="OrderId">103820-01-002</DocumentID>
			<ScreeningVendorSubject>
				<ScreeningVendorSubjectTypeCode>Person</ScreeningVendorSubjectTypeCode>
				<ScreeningVendorPerson>
					<PersonLegalID schemeAgencyID="US" schemeAgencyName="SSA">123456789</PersonLegalID>
					<PersonLegalID schemeAgencyID="MA" schemeAgencyName="DMV">123456789</PersonLegalID>
					<PrimarySubjectIndicator>true</PrimarySubjectIndicator>
					<ScreeningVendorPersonName>
						<ScreeningSubjectTypeCode>Current</ScreeningSubjectTypeCode>
						<PersonName nameTypeCode="CurrentName">
							<oa:GivenName>Larry</oa:GivenName>
							<MiddleName>Frank</MiddleName>
							<FamilyName>Smith</FamilyName>
						</PersonName>
					</ScreeningVendorPersonName>
					<Address currentAddressIndicator="true">
						<ID>1111</ID>
						<oa:AddressLine>10 Main Street</oa:AddressLine>
						<oa:CityName>AMHERST</oa:CityName>
						<oa:CountrySubDivisionCode listName="County">HAMPSHIRE</oa:CountrySubDivisionCode>
						<oa:CountrySubDivisionCode listName="State">MA</oa:CountrySubDivisionCode>
						<CountryCode>US</CountryCode>
						<oa:PostalCode>01002</oa:PostalCode>
					</Address>
					<GenderCode>Male</GenderCode>
					<FreeFormBirthDate>
						<FormattedDateTime>1960-10-10</FormattedDateTime>
					</FreeFormBirthDate>
				</ScreeningVendorPerson>
			</ScreeningVendorSubject>
			<SubmittedDateTime>2011-03-01</SubmittedDateTime>
			<ScopeOfWork type="Authorized">
				<WorkScopeCode>S</WorkScopeCode>
				<WorkScopeName>Standard</WorkScopeName>
				<oa:Description>Collect all copies</oa:Description>
			</ScopeOfWork>
			<FCRAIndicator>true</FCRAIndicator>
			<SearchFee searchFeeCode="Clear">
				<oa:Amount currencyID="USD">5.75</oa:Amount>
			</SearchFee>
			<SearchFee searchFeeCode="Hit">
				<oa:Amount currencyID="USD">12.99</oa:Amount>
			</SearchFee>
			<SearchFee searchFeeCode="CourtFee">
				<oa:Amount currencyID="USD">15.00</oa:Amount>
			</SearchFee>
			<ScreeningVendorOrderCode>Standard</ScreeningVendorOrderCode>
			<ScreeningVendorCourtOrder>
				<ScreeningVendorAdmittedCharge>
					<AdmittedChargesID>1234</AdmittedChargesID>
					<ReviewedIndicator>true</ReviewedIndicator>
					<LocatedIndicator>true</LocatedIndicator>
					<AdmittedChargesSummary>I was stumbling around in a park one day, slipped on some mud and accidentally punched the guy walking down the street.</AdmittedChargesSummary>
					<ScreeningVendorCriminalCase>
						<oa:CityName>CUSHMAN</oa:CityName>
						<CountryCode>US</CountryCode>
						<CriminalCharge>
							<ChargeOrComplaint>Assault</ChargeOrComplaint>
							<CriminalChargeLevelCode>Misdemeanor</CriminalChargeLevelCode>
							<ChargeDispositionCode>Acquitted</ChargeDispositionCode>
							<ChargeDate>
								<DateText>Summer of 2005</DateText>
							</ChargeDate>
						</CriminalCharge>
					</ScreeningVendorCriminalCase>
				</ScreeningVendorAdmittedCharge>
				<CourtSearchPeriod>
					<StartDate>
						<FormattedDateTime>2001-03-01</FormattedDateTime>
					</StartDate>
					<EndDate>
						<DateText>Present</DateText>
					</EndDate>
				</CourtSearchPeriod>
				<CourtSearchProductCode>FelonyMisdemeanor</CourtSearchProductCode>
				<CourtSearchParameters>
					<ScreeningSubjectFilters>
						<PersonLegalID schemeAgencyID="US" schemeAgencyName="SSA">123456789</PersonLegalID>
						<PersonName>
							<oa:GivenName>Larry</oa:GivenName>
							<MiddleName>F</MiddleName>
							<FamilyName>Smith</FamilyName>
						</PersonName>
						<FreeFormBirthDate>
							<FormattedDateTime>1960-10-10</FormattedDateTime>
						</FreeFormBirthDate>
					</ScreeningSubjectFilters>
				</CourtSearchParameters>
				<Jurisdiction>
					<CourtLevel>CountyCity</CourtLevel>
					<oa:CityName>AMHERST</oa:CityName>
					<oa:CountrySubDivisionCode listName="County">HAMPSHIRE</oa:CountrySubDivisionCode>
					<oa:CountrySubDivisionCode listName="State">MA</oa:CountrySubDivisionCode>
					<CountryCode>US</CountryCode>
				</Jurisdiction>
				<Attachment>
					<AttachmentID>123123</AttachmentID>
					<oa:EmbeddedData mimeCode="image\tiff">UjBsR09EbGhjZ0dTQUxNQUFBUUNBRU1tQ1p0dU1GUXhEUzhi</oa:EmbeddedData>
					<oa:FileName>222456789Release.tif</oa:FileName>
					<DocumentDateTime>2010-02-27</DocumentDateTime>
					<oa:Description>Special Notarized Release</oa:Description>
					<oa:FileType>tif</oa:FileType>
				</Attachment>
			</ScreeningVendorCourtOrder>
		</ScreeningVendorOrder>
	</DataArea>
</ShowScreeningVendorOrder>
