<?xml version="1.0" encoding="UTF-8"?>
<!-- This is an example of a pre-ordered regulated (DOT) drug test with a negative result sent from the Collection Site to the Lab.  -->
<ProcessDrugTest languageCode="en-US" releaseID="3.2" systemEnvironmentCode="Production" xsi:schemaLocation="http://www.hr-xml.org/3 ../Developer/BODs/ProcessDrugTest.xsd" xmlns="http://www.hr-xml.org/3" xmlns:oa="http://www.openapplications.org/oagis/9" xmlns:xsi="http://www.w3.org/2001/XMLSchema-instance">
	<oa:ApplicationArea>
		<oa:Sender>
			<oa:LogicalID>AITPA</oa:LogicalID>
			<oa:ConfirmationCode>Always</oa:ConfirmationCode>
		</oa:Sender>
		<oa:CreationDateTime>2013-05-03T08:11:14.12Z</oa:CreationDateTime>
		<oa:BODID schemeName="GUID" schemeAgencyName="ATS">ee443-ddw2-44wf-9ek3-883i3nnkd30s</oa:BODID>
	</oa:ApplicationArea>
	<DataArea>
		<oa:Process acknowledgeCode="Always">
			<oa:ActionCriteria>
				<oa:ActionExpression actionCode="Add" expressionLanguage="XPath">/ProcessDrugTest/DataArea/DrugTest</oa:ActionExpression>
			</oa:ActionCriteria>
		</oa:Process>
		<DrugTest majorVersionID="1" minorVersionID="0" validFrom="2013-05-03">
			<DocumentID schemeAgencyName="TPA" schemeName="OrderID">123456</DocumentID>
			<DrugTestCustomer>
				<OrganizationID>ABC Trucking</OrganizationID>
				<OrganizationName>ABC Trucking</OrganizationName>
				<OrganizationUnit>
					<OrganizationUnitID>ABC Trucking Midwest</OrganizationUnitID>
					<OrganizationUnitName>ABC Trucking Midwest</OrganizationUnitName>
					<OrganizationUnitContact>
						<ContactName>Marg Peoples</ContactName>
						<RoleName>HR Rep</RoleName>
					</OrganizationUnitContact>
				</OrganizationUnit>
				<DesignatedEmployerRepresentative>
					<PersonName>
						<FormattedName>Jeremy Johnson</FormattedName>
					</PersonName>
					<Communication>
						<ChannelCode>Telephone</ChannelCode>
						<oa:DialNumber>614-433-8493</oa:DialNumber>
						<oa:Extension>1220</oa:Extension>
					</Communication>
				</DesignatedEmployerRepresentative>
			</DrugTestCustomer>
			<DrugTestStatus>
				<DrugTestStatusCode>SentToLab</DrugTestStatusCode>
			</DrugTestStatus>
			<SearchDrugTest>
				<DrugTestReasonCode>Random</DrugTestReasonCode>
				<DrugTestToPerform>
					<DrugTestCode>SAP5/50</DrugTestCode>
				</DrugTestToPerform>
				<OrderedDate>2013-05-03</OrderedDate>
				<ScheduledDate>2013-05-03</ScheduledDate>
				<ExpirationDate>2013-05-05</ExpirationDate>
				<HardExpireIndicator>true</HardExpireIndicator>
				<Regulation>
					<RegulatoryAgency>DOT</RegulatoryAgency>
					<RegulatoryMode>FRA</RegulatoryMode>
					<EmployeeCategory>Engine Service</EmployeeCategory>
				</Regulation>
				<RequestSplitSampleIndicator>true</RequestSplitSampleIndicator>
				<RequestObservationIndicator>true</RequestObservationIndicator>
				<SpecimenDonor>
					<ScreeningSubjectID schemeAgencyName="Customer" schemeName="EmployeeID">6001234</ScreeningSubjectID>
					<DonorIDVerificationIndicator>true</DonorIDVerificationIndicator>
				</SpecimenDonor>
				<SpecimenCollection>
					<SpecimenCollectionSite>
						<SpecimenCollectionSiteID>OKC123</SpecimenCollectionSiteID>
						<OrganizationName>Concentra-OKC</OrganizationName>
						<Communication>
							<UseCode>Business</UseCode>
							<Address>
								<oa:AddressLine/>
								<oa:CityName>Kansas City</oa:CityName>
								<oa:CountrySubDivisionCode>OK</oa:CountrySubDivisionCode>
								<CountryCode>US</CountryCode>
							</Address>
						</Communication>
						<SpecimenCollectionSiteTypeCode>Contractor</SpecimenCollectionSiteTypeCode>
						<SpecimenCollector>
							<PersonName>
								<FormattedName>JaneDoe</FormattedName>
							</PersonName>
							<PositionTitle>Collector</PositionTitle>
							<SignatureDate>2013-05-03</SignatureDate>
						</SpecimenCollector>
					</SpecimenCollectionSite>
					<SpecimenCollectionSiteResult>
						<SpecimenID>84775938</SpecimenID>
						<SpecimenCollectionDate>2013-05-03</SpecimenCollectionDate>
						<SpecimenTypeCode>Urine</SpecimenTypeCode>
						<SplitSampleIndicator>true</SplitSampleIndicator>
						<ObservedCollectionIndicator>false</ObservedCollectionIndicator>
						<TemperatureInRangeIndicator>true</TemperatureInRangeIndicator>
						<DrugTestRefusalIndicator>false</DrugTestRefusalIndicator>
						<Delivery>
							<DeliveryServiceName>Fedex</DeliveryServiceName>
							<TrackingID>49cj894qn</TrackingID>
							<ShippingDate>2013-05-03</ShippingDate>
						</Delivery>
					</SpecimenCollectionSiteResult>
				</SpecimenCollection>
				<Lab>
					<Laboratory>
						<PartyID>LC12</PartyID>
						<PartyName>Labcorp</PartyName>
						<AccountNumber>LC1234</AccountNumber>
					</Laboratory>
				</Lab>
				<MRO>
					<MedicalReviewOfficer>
						<PartyName>MRO University</PartyName>
						<PersonContact>
							<PersonID>258693</PersonID>
							<Communication>
								<ChannelCode>Telephone</ChannelCode>
								<UseCode>Business</UseCode>
								<oa:DialNumber>727-852-9632</oa:DialNumber>
							</Communication>
						</PersonContact>
					</MedicalReviewOfficer>
				</MRO>
			</SearchDrugTest>
		</DrugTest>
	</DataArea>
</ProcessDrugTest>
