<?xml version="1.0" encoding="UTF-8"?>
<ConfirmBOD releaseID="3.2" languageCode="en-US" xsi:schemaLocation="http://www.openapplications.org/oagis/9 ../../../org_openapplications_platform/1_2/BODs/ConfirmBOD.xsd" xmlns="http://www.openapplications.org/oagis/9" xmlns:xsi="http://www.w3.org/2001/XMLSchema-instance">
	<ApplicationArea>
		<Sender>
			<LogicalID>CL6789</LogicalID>
		</Sender>
		<Receiver>
			<LogicalID>904592</LogicalID>
		</Receiver>
		<CreationDateTime>2010-07-16T19:20:30.46-05:00</CreationDateTime>
		<BODID>bd75db67-3baf-4dca-8633-ec805b7c3b57</BODID>
	</ApplicationArea>
	<DataArea>
		<Confirm>
			<OriginalApplicationArea>
				<Sender>
					<LogicalID>904592</LogicalID>
					<ConfirmationCode>Always</ConfirmationCode>
				</Sender>
				<CreationDateTime>2012-12-18T01:08:00.21Z</CreationDateTime>
				<BODID>90cfG2-qn85n3av</BODID>
			</OriginalApplicationArea>
			<ResponseCriteria>
				<ResponseExpression actionCode="Accepted" expressionLanguage="XPATH">/ConfirmBOD/DataArea/Confirm/OriginalApplicationArea/BODID</ResponseExpression>
			</ResponseCriteria>
		</Confirm>
		<BOD>
			<BODSuccessMessage>
				<NounSuccessMessage>
					<ProcessMessage>
						<ID schemeAgencyName="CRA" schemeName="BODID">bd75db67-3baf-4dca-8633-ec805b7c3b56</ID>
					</ProcessMessage>
				</NounSuccessMessage>
			</BODSuccessMessage>
		</BOD>
	</DataArea>
</ConfirmBOD>
