<?xml version="1.0" encoding="UTF-8"?>
<!-- This is a notification that the original document has expired -->
<NotifyEmploymentEligibilityI-9 systemEnvironmentCode="Production" releaseID="3.2" languageCode="en-US" xmlns="http://www.hr-xml.org/3" xmlns:oa="http://www.openapplications.org/oagis/9" xmlns:oacl="http://www.openapplications.org/oagis/9/codelists" xmlns:qdt="http://www.openapplications.org/oagis/9/qualifieddatatypes/1.1" xmlns:udt="http://www.openapplications.org/oagis/9/unqualifieddatatypes/1.1" xmlns:xsi="http://www.w3.org/2001/XMLSchema-instance" xsi:schemaLocation="http://www.hr-xml.org/3 ../Developer/BODs/NotifyEmploymentEligibilityI-9.xsd">
	<oa:ApplicationArea>
		<oa:Sender>
			<oa:LogicalID>e99fnp2</oa:LogicalID>
			<oa:ConfirmationCode>OnError</oa:ConfirmationCode>
		</oa:Sender>
		<oa:CreationDateTime>2012-12-12T00:09:00.00Z</oa:CreationDateTime>
		<oa:BODID>kxie-579j-c34e-401b-9d0a-615ba23i9JL2</oa:BODID>		
	</oa:ApplicationArea>
	<DataArea>
		<oa:Notify>
			<oa:ActionCriteria>
				<oa:ActionExpression actionCode="Change" expressionLanguage="XPath">/NotifyEmploymentEligibilityI-9/DataArea/EmploymentEligibilityI-9/I-9Form/Section2</oa:ActionExpression>
			</oa:ActionCriteria>
		</oa:Notify>
		<EmploymentEligibilityI-9 majorVersionID="1" minorVersionID="1">
			<DocumentID>A000002</DocumentID>
			<Status>Expired</Status>
			<OrganizationID>10001</OrganizationID>
			<I-9Form>
				<Section2>
					<Section2Documentation>
						<DocumentTitleListA>ForeignPassportWithI-94/AForm</DocumentTitleListA>
						<EligibilityDocumentID>A123456789</EligibilityDocumentID>
						<ExpirationDate>2010-12-12</ExpirationDate>
					</Section2Documentation>
				</Section2>
			</I-9Form>
		</EmploymentEligibilityI-9>
	</DataArea>
</NotifyEmploymentEligibilityI-9>
<!--


Copyright The HR-XML Consortium. All Rights Reserved. http://www.hr-xml.org 
Copyright (c) 1997-2008 Open Applications Group, Inc. All Rights Reserved 
-->
