<?xml version="1.0" encoding="UTF-8"?>
<!--The function of this document is for the CRA to request the status of a single order.  Typically, the provider will need to perform some research in order to provide and estimated completion date and reason for the delay..-->
<GetScreeningVendorOrder releaseID="3.2" languageCode="en-US" xsi:schemaLocation="http://www.hr-xml.org/3 ../Developer/BODs/GetScreeningVendorOrder.xsd" xmlns="http://www.hr-xml.org/3" xmlns:oa="http://www.openapplications.org/oagis/9" xmlns:xsi="http://www.w3.org/2001/XMLSchema-instance">
	<oa:ApplicationArea>
		<oa:Sender>
			<oa:LogicalID>123456</oa:LogicalID>
			<oa:TaskID>RequestInformation</oa:TaskID>
			<oa:ConfirmationCode>Always</oa:ConfirmationCode>
		</oa:Sender>
		<oa:Receiver>
			<oa:LogicalID>CL6789</oa:LogicalID>
		</oa:Receiver>
		<oa:CreationDateTime>2010-07-16T19:20:30.45-05:00</oa:CreationDateTime>
		<oa:BODID>cd75db67-3baf-4dca-8633-ec805b7c3b56</oa:BODID>
	</oa:ApplicationArea>
	<DataArea>
		<oa:Get maxItems="2">
			<!--In this case, the expression contains an XPATH to the action of the payload(ScreeningVendorOrder).  Normally, a payload should contain the same action for all orders in the document.  In this case, it is requesting information and when the multiple orders will be complete.  -->
			<oa:Expression expressionLanguage="XPATH">/GetScreeningVendorOrder/DataArea/ScreeningVendorOrder[1]/ScreeningVendorSubject/ScreeningVendorPerson/MotherName/FormerFamilyName</oa:Expression>
			<oa:Expression expressionLanguage="XPATH">/GetScreeningVendorOrder/DataArea/ScreeningVendorOrder[2]/ScreeningMessage/oa:Description</oa:Expression>
		</oa:Get>
		<ScreeningVendorOrder majorVersionID="1" minorVersionID="0">
			<DocumentID schemeID="RequestID" schemeAgencyName="FADV">123456</DocumentID>
			<AlternateDocumentID schemeID="ProviderOrderID" schemeAgencyName="Provider">987654</AlternateDocumentID>
			<!--Note that some CRA's may require the abilitiy for the provider to return more then one Id -->
			<AlternateDocumentID schemeAgencyName="CRA" schemeName="OrderId">222456790</AlternateDocumentID>
			<AlternateDocumentID schemeAgencyName="CRA" schemeName="CaseId">17836375</AlternateDocumentID>
			<!--Note that some CRA's may not store and have the abilitiy to return  the Providers Id-->
			<AlternateDocumentID schemeAgencyName="Provider">123784</AlternateDocumentID>
			<UserID>ccorner@fadv.com</UserID>
			<AccessCredential>
				<AccessCredentialValue>password</AccessCredentialValue>
			</AccessCredential>
			<!-- This information could be used for additional subject confirmation.  It's not necessary to include the subject information in an RFI request. -->
			<ScreeningVendorSubject>
				<ScreeningVendorSubjectTypeCode>Person</ScreeningVendorSubjectTypeCode>
				<ScreeningVendorPerson>
					<PersonLegalID schemeAgencyID="US" schemeAgencyName="SSA">123456789</PersonLegalID>
					<PrimarySubjectIndicator>true</PrimarySubjectIndicator>
					<ScreeningVendorPersonName>
						<ScreeningSubjectTypeCode>Current</ScreeningSubjectTypeCode>
						<PersonName nameTypeCode="CurrentName">
							<oa:GivenName>Jane</oa:GivenName>
							<MiddleName>A</MiddleName>
							<FamilyName>Doe</FamilyName>
						</PersonName>
					</ScreeningVendorPersonName>
				</ScreeningVendorPerson>
			</ScreeningVendorSubject>
			<SubmittedDateTime>2010-07-16T19:20:30.45-05:00</SubmittedDateTime>
			<ScreeningMessage>
				<TypeCode>01</TypeCode>
				<oa:ReasonCode>MissingInformation</oa:ReasonCode>
				<oa:Description>The court house is requesting the Mother's maiden name.</oa:Description>
			</ScreeningMessage>
		</ScreeningVendorOrder>
		<ScreeningVendorOrder>
			<DocumentID schemeID="RequestID" schemeAgencyName="FADV">123457</DocumentID>
			<AlternateDocumentID schemeID="ProviderOrderID" schemeAgencyName="Provider">9048907</AlternateDocumentID>
			<!--Note that some CRA's may require the abilitiy for the provider to return more then one Id -->
			<AlternateDocumentID schemeAgencyName="CRA" schemeName="OrderId">222456789</AlternateDocumentID>
			<AlternateDocumentID schemeAgencyName="CRA" schemeName="Cased">17836475</AlternateDocumentID>
			<!--Note that some CRA's may not store and have the abilitiy to return  the Providers Id-->
			<AlternateDocumentID schemeAgencyName="Provider">987654</AlternateDocumentID>
			<UserID>ccorner@fadv.com</UserID>
			<AccessCredential>
				<AccessCredentialValue>password</AccessCredentialValue>
			</AccessCredential>
			<SubmittedDateTime>2010-07-15T10:10:30.45-05:00</SubmittedDateTime>
			<ScreeningMessage>
				<TypeCode>01</TypeCode>
				<oa:ReasonCode>MissingInformation</oa:ReasonCode>
				<oa:Description>Please provide the following additional Information.  Date of birth, driver's license and state and signed general release form.</oa:Description>
			</ScreeningMessage>
		</ScreeningVendorOrder>
	</DataArea>
</GetScreeningVendorOrder>
