<?xml version="1.0" encoding="UTF-8"?>
<!--Sample XML file generated by XMLSpy v2008 rel. 2 (http://www.altova.com)-->
<AcknowledgeScreeningVendorOrder systemEnvironmentCode="Production" releaseID="3.2" languageCode="en-US" xsi:schemaLocation="http://www.hr-xml.org/3  ../Developer/BODs/AcknowledgeScreeningVendorOrder.xsd" xmlns="http://www.hr-xml.org/3" xmlns:oa="http://www.openapplications.org/oagis/9" xmlns:xsi="http://www.w3.org/2001/XMLSchema-instance">
	<oa:ApplicationArea>
		<oa:CreationDateTime>2010-05-14T08:08:10.10-05:00</oa:CreationDateTime>
		<oa:BODID>c8b83bbe-5abb-4e93-84c1-a91830e7b633</oa:BODID>
	</oa:ApplicationArea>
	<DataArea>
		<oa:Acknowledge>
			<oa:OriginalApplicationArea>
				<oa:CreationDateTime>2010-05-14T08:08:10.10-05:00</oa:CreationDateTime>
				<oa:BODID>1432a3d4-48f4-4c59-b44d-7d8ee92543d5</oa:BODID>
			</oa:OriginalApplicationArea>
			<oa:ResponseCriteria>
				<oa:ResponseExpression actionCode="Accepted" expressionLanguage="XPATH">/AcknowledgeScreeningVendorOrder/DataArea/ScreeningVendorOrder/DocumentID</oa:ResponseExpression>
			</oa:ResponseCriteria>
		</oa:Acknowledge>
		<ScreeningVendorOrder majorVersionID="1" minorVersionID="0">
			<DocumentID>222456789</DocumentID>
			<UserID schemeAgencyName="CRA">CCorner</UserID>
			<AccessCredential>
				<AccessCredentialValue>secretcode</AccessCredentialValue>
			</AccessCredential>
		</ScreeningVendorOrder>
	</DataArea>
</AcknowledgeScreeningVendorOrder>
