<?xml version="1.0" encoding="UTF-8"?>
<!-- This is an example of an instant drug test order. -->
<ProcessDrugTest languageCode="en-US" releaseID="3.2" systemEnvironmentCode="Production" xsi:schemaLocation="http://www.hr-xml.org/3 ../Developer/BODs/ProcessDrugTest.xsd" xmlns="http://www.hr-xml.org/3" xmlns:oa="http://www.openapplications.org/oagis/9" xmlns:xsi="http://www.w3.org/2001/XMLSchema-instance">
	<oa:ApplicationArea>
		<oa:Sender>
			<oa:LogicalID>AITPA</oa:LogicalID>
			<oa:ConfirmationCode>Always</oa:ConfirmationCode>
		</oa:Sender>
		<oa:CreationDateTime>2013-05-03T09:18:31.01Z</oa:CreationDateTime>
		<oa:BODID schemeName="GUID" schemeAgencyName="ATS">d994k-4wh0-c hi3-390j-0olaww33nr5d</oa:BODID>
	</oa:ApplicationArea>
	<DataArea>
		<oa:Process acknowledgeCode="Always">
			<oa:ActionCriteria>
				<oa:ActionExpression actionCode="Add" expressionLanguage="XPath">/ProcessDrugTest/DataArea/DrugTest</oa:ActionExpression>
			</oa:ActionCriteria>
		</oa:Process>
		<DrugTest majorVersionID="1" minorVersionID="0" validFrom="2013-05-03">
			<DocumentID schemeAgencyName="TPA" schemeName="OrderID">123456</DocumentID>
			<DrugTestCustomer>
				<OrganizationID>ABC Trucking</OrganizationID>
				<OrganizationName>ABC Trucking</OrganizationName>
				<OrganizationUnit>
					<OrganizationUnitID>ABC Trucking Midwest</OrganizationUnitID>
					<OrganizationUnitName>ABC Trucking Midwest</OrganizationUnitName>
					<OrganizationUnitContact>
						<ContactName>Marg Peoples</ContactName>
						<RoleName>HR Rep</RoleName>
					</OrganizationUnitContact>
				</OrganizationUnit>
				<DesignatedEmployerRepresentative>
					<PersonName>
						<FormattedName>Jeremy Johnson</FormattedName>
					</PersonName>
					<Communication>
						<ChannelCode>Telephone</ChannelCode>
						<oa:DialNumber>614-433-8493</oa:DialNumber>
						<oa:Extension>1220</oa:Extension>
					</Communication>
				</DesignatedEmployerRepresentative>
			</DrugTestCustomer>
			<SearchDrugTest>
				<DrugTestReasonCode>PreEmployment</DrugTestReasonCode>
				<OrderedDate>2013-05-03</OrderedDate>
				<ScheduledDate>2013-05-03</ScheduledDate>
				<ExpirationDate>2013-05-05</ExpirationDate>
				<HardExpireIndicator>true</HardExpireIndicator>
				<RequestSplitSampleIndicator>false</RequestSplitSampleIndicator>
				<RequestObservationIndicator>false</RequestObservationIndicator>
				<SpecimenDonor>
					<ScreeningSubjectID schemeAgencyName="Customer" schemeName="EmployeeID">6001234</ScreeningSubjectID>
					<PersonName>
						<oa:GivenName>Jonathan</oa:GivenName>
						<FamilyName>Donor</FamilyName>
					</PersonName>
					<PositionTitle>Operator</PositionTitle>
					<FreeFormBirthDate>
						<FormattedDateTime>1966-03-14</FormattedDateTime>
					</FreeFormBirthDate>
					<Communication>
						<ChannelCode>Telephone</ChannelCode>
						<UseCode>Personal</UseCode>
						<oa:DialNumber>123-231-2586</oa:DialNumber>
					</Communication>
					<Communication>
						<ChannelCode>MobileTelephone</ChannelCode>
						<UseCode>Business</UseCode>
						<oa:DialNumber>123-123-3993</oa:DialNumber>
					</Communication>
					<Communication>
						<ChannelCode>Email</ChannelCode>
						<oa:Text>JDonor@abctrucking.com</oa:Text>
					</Communication>
				</SpecimenDonor>
				<SpecimenCollection>
					<SpecimenCollectionSite>
						<SpecimenCollectionSiteID>OKC123</SpecimenCollectionSiteID>
						<OrganizationName>Concentra-OKC</OrganizationName>
						<Communication>
							<UseCode>Business</UseCode>
							<Address>
								<oa:AddressLine/>
								<oa:CityName>Kansas City</oa:CityName>
								<oa:CountrySubDivisionCode>OK</oa:CountrySubDivisionCode>
								<CountryCode>US</CountryCode>
							</Address>
						</Communication>
						<SpecimenCollectionSiteTypeCode>Contractor</SpecimenCollectionSiteTypeCode>
					</SpecimenCollectionSite>
				</SpecimenCollection>
				<Lab>
					<Laboratory>
						<PartyID>LC12</PartyID>
						<PartyName>Labcorp</PartyName>
						<AccountNumber>LC1234</AccountNumber>
					</Laboratory>
				</Lab>
				<MRO>
					<MedicalReviewOfficer>
						<PartyName>MRO University</PartyName>
						<PersonContact>
							<PersonID>258693</PersonID>
							<Communication>
								<ChannelCode>Telephone</ChannelCode>
								<UseCode>Business</UseCode>
								<oa:AreaDialing>727</oa:AreaDialing>
								<oa:DialNumber>852-9632</oa:DialNumber>
							</Communication>
						</PersonContact>
					</MedicalReviewOfficer>
				</MRO>
			</SearchDrugTest>
		</DrugTest>
	</DataArea>
</ProcessDrugTest>
