<?xml version="1.0" encoding="UTF-8"?>
<!-- This is an example of a pre-ordered regulated (DOT) drug test that was later cancelled by the MRO.  This is the Lab result. -->
<ProcessDrugTest languageCode="en-US" releaseID="3.2" systemEnvironmentCode="Production" xsi:schemaLocation="http://www.hr-xml.org/3 ../Developer/BODs/ProcessDrugTest.xsd" xmlns="http://www.hr-xml.org/3" xmlns:oa="http://www.openapplications.org/oagis/9" xmlns:xsi="http://www.w3.org/2001/XMLSchema-instance">
	<oa:ApplicationArea>
		<oa:Sender>
			<oa:LogicalID>AITPA</oa:LogicalID>
			<oa:ConfirmationCode>Always</oa:ConfirmationCode>
		</oa:Sender>
		<oa:CreationDateTime>2013-05-04T10:09:02.01Z</oa:CreationDateTime>
		<oa:BODID schemeName="GUID" schemeAgencyName="ATS">33d88-d9e3-304b-9d0a-490lx3d3g3xx</oa:BODID>
	</oa:ApplicationArea>
	<DataArea>
		<oa:Process acknowledgeCode="Always">
			<oa:ActionCriteria>
				<oa:ActionExpression actionCode="Add" expressionLanguage="XPath">/ProcessDrugTest/DataArea/DrugTest</oa:ActionExpression>
			</oa:ActionCriteria>
		</oa:Process>
		<DrugTest majorVersionID="1" minorVersionID="0" validFrom="2013-05-04">
			<DocumentID schemeAgencyName="TPA" schemeName="OrderID">123456</DocumentID>
			<DrugTestCustomer>
				<OrganizationID>ABC Trucking</OrganizationID>
				<OrganizationName>ABC Trucking</OrganizationName>
				<OrganizationUnit>
					<OrganizationUnitID>ABC Trucking Midwest</OrganizationUnitID>
					<OrganizationUnitName>ABC Trucking Midwest</OrganizationUnitName>
					<OrganizationUnitContact>
						<ContactName>Marg Peoples</ContactName>
						<RoleName>HR Rep</RoleName>
					</OrganizationUnitContact>
				</OrganizationUnit>
				<DesignatedEmployerRepresentative>
					<PersonName>
						<FormattedName>Jeremy Johnson</FormattedName>
					</PersonName>
					<Communication>
						<ChannelCode>Telephone</ChannelCode>
						<oa:DialNumber>614-433-8493</oa:DialNumber>
						<oa:Extension>1220</oa:Extension>
					</Communication>
				</DesignatedEmployerRepresentative>
			</DrugTestCustomer>
			<DrugTestStatus>
				<DrugTestStatusCode>LabComplete</DrugTestStatusCode>
			</DrugTestStatus>
			<SearchDrugTest>
				<DrugTestReasonCode>Random</DrugTestReasonCode>
				<DrugTestToPerform>
					<DrugTestCode>SAP5/50</DrugTestCode>
				</DrugTestToPerform>
				<OrderedDate>2013-05-03</OrderedDate>
				<ScheduledDate>2013-05-03</ScheduledDate>
				<ExpirationDate>2013-05-05</ExpirationDate>
				<HardExpireIndicator>true</HardExpireIndicator>
				<Regulation>
					<RegulatoryAgency>DOT</RegulatoryAgency>
					<RegulatoryMode>FRA</RegulatoryMode>
					<EmployeeCategory>Engine Service</EmployeeCategory>
				</Regulation>
				<RequestSplitSampleIndicator>true</RequestSplitSampleIndicator>
				<RequestObservationIndicator>true</RequestObservationIndicator>
				<SpecimenDonor>
					<ScreeningSubjectID schemeAgencyName="Customer" schemeName="EmployeeID">6001234</ScreeningSubjectID>
					<DonorIDVerificationIndicator>true</DonorIDVerificationIndicator>
				</SpecimenDonor>
				<SpecimenCollection>
					<SpecimenCollectionSite>
						<SpecimenCollectionSiteID>OKC123</SpecimenCollectionSiteID>
						<OrganizationName>Concentra-OKC</OrganizationName>
						<Communication>
							<UseCode>Business</UseCode>
							<Address>
								<oa:AddressLine/>
								<oa:CityName>Kansas City</oa:CityName>
								<oa:CountrySubDivisionCode>OK</oa:CountrySubDivisionCode>
								<CountryCode>US</CountryCode>
							</Address>
						</Communication>
						<SpecimenCollectionSiteTypeCode>Contractor</SpecimenCollectionSiteTypeCode>
						<SpecimenCollector>
							<PersonName>
								<FormattedName>JaneDoe</FormattedName>
							</PersonName>
							<PositionTitle>Collector</PositionTitle>
							<SignatureDate>2013-05-03</SignatureDate>
						</SpecimenCollector>
					</SpecimenCollectionSite>
					<SpecimenCollectionSiteResult>
						<SpecimenID>84775938</SpecimenID>
						<SpecimenCollectionDate>2013-05-03</SpecimenCollectionDate>
						<SpecimenTypeCode>Urine</SpecimenTypeCode>
						<SplitSampleIndicator>true</SplitSampleIndicator>
						<ObservedCollectionIndicator>false</ObservedCollectionIndicator>
						<TemperatureInRangeIndicator>true</TemperatureInRangeIndicator>
						<DrugTestRefusalIndicator>false</DrugTestRefusalIndicator>
					</SpecimenCollectionSiteResult>
				</SpecimenCollection>
				<Lab>
					<Laboratory>
						<PartyID>LC12</PartyID>
						<PartyName>Labcorp</PartyName>
						<AccountNumber>LC1234</AccountNumber>
					</Laboratory>
					<LaboratoryResult>
						<LaboratoryOverallResult>
							<FinalResultIndicator>true</FinalResultIndicator>
							<SpecimenAnalysis>
								<pHLevel>4.2</pHLevel>
							</SpecimenAnalysis>
							<DrugTestComment>
								<Comment>Invalid. Ph out of range.</Comment>
							</DrugTestComment>
						</LaboratoryOverallResult>
						<CertifyingScientist>
							<PersonName>
								<FormattedName>Daryl Smith</FormattedName>
							</PersonName>
							<SignatureDate>2013-05-05</SignatureDate>
							<Attachment>
								<oa:EmbeddedData format="Base64" mimeCode=".txt" encodingCode="UTF-8">RGFyeWwgU21pdGg=</oa:EmbeddedData>
							</Attachment>
						</CertifyingScientist>
					</LaboratoryResult>
				</Lab>
				<MRO>
					<MedicalReviewOfficer>
						<PartyName>MRO University</PartyName>
						<PersonContact>
							<PersonID>258693</PersonID>
							<Communication>
								<ChannelCode>Telephone</ChannelCode>
								<UseCode>Business</UseCode>
								<oa:DialNumber>727-852-9632</oa:DialNumber>
							</Communication>
						</PersonContact>
					</MedicalReviewOfficer>
				</MRO>
			</SearchDrugTest>
		</DrugTest>
	</DataArea>
</ProcessDrugTest>
