<?xml version="1.0" encoding="utf-8"?>
<AcknowledgeWorkerOnBoarding releaseID="3.2" languageCode="en-US" 
		systemEnvironmentCode="Production" 
		xsi:schemaLocation="http://www.hr-xml.org/3 ../Developer/BODs/AcknowledgeWorkerOnBoarding.xsd" 
		xmlns="http://www.hr-xml.org/3" 
		xmlns:oa="http://www.openapplications.org/oagis/9" 
		xmlns:xsi="http://www.w3.org/2001/XMLSchema-instance">
		
	<oa:ApplicationArea>
		<oa:Sender>
			<oa:LogicalID>uu74lsi2</oa:LogicalID>
		</oa:Sender>
		<oa:CreationDateTime>2011-03-03T11:09:03.01Z</oa:CreationDateTime>
		<oa:BODID schemeName="GUID">33d99-d9e3-304b-9d0a-12l55dd0946s</oa:BODID>
	</oa:ApplicationArea>

	<DataArea>
		<oa:Acknowledge>
			<oa:OriginalApplicationArea>
				<oa:Sender>
					<oa:LogicalID>e99fnp2</oa:LogicalID>
					<oa:ConfirmationCode>OnError</oa:ConfirmationCode>
				</oa:Sender>	
				<oa:CreationDateTime>2011-03-03T10:09:02.01Z</oa:CreationDateTime>
				<oa:BODID schemeName="GUID">33d88-d9e3-304b-9d0a-490lx3d3g3xx</oa:BODID>
			</oa:OriginalApplicationArea>
			<oa:ResponseCriteria>
				<oa:ResponseExpression actionCode="Accepted" expressionLanguage="XPath">/AcknowledgeWorkerOnBoarding/DataArea/WorkerOnBoarding</oa:ResponseExpression>
			</oa:ResponseCriteria>
		</oa:Acknowledge>

		<WorkerOnBoarding majorVersionID="1" minorVersionID="0">
			<DocumentID schemeAgencyName="HRIS" schemeName="XYZOnboardingID">ON-21345</DocumentID>
			<AlternateDocumentID schemeAgencyName="FrontOffice" schemeName="OnboardingTransactionID">04ck09</AlternateDocumentID>
			<OnBoardingPerson>
				<PersonID schemeAgencyName="FrontOffice" schemeName="ApplicantID">ebf878610-3dcc-4a66-8355-64881e1d8940</PersonID>
			</OnBoardingPerson>
			<OnBoardingEmployee>
				<EmployeeID schemeAgencyName="HRIS" schemeName="EmployeeID">EMP-56345</EmployeeID>
			</OnBoardingEmployee>
		</WorkerOnBoarding>
	</DataArea>
</AcknowledgeWorkerOnBoarding>
<!--
Copyright The HR-XML Consortium. All Rights Reserved. http://www.hr-xml.org 
Copyright (c) 1997-2011 Open Applications Group, Inc. All Rights Reserved 
-->