<?xml version="1.0" encoding="UTF-8"?>
<SyncEmploymentEligibilityI-9 systemEnvironmentCode="Production" releaseID="3.2" languageCode="en-US" xsi:schemaLocation="http://www.hr-xml.org/3 ../Developer/BODs/SyncEmploymentEligibilityI-9.xsd" xmlns="http://www.hr-xml.org/3" xmlns:oa="http://www.openapplications.org/oagis/9" xmlns:xsi="http://www.w3.org/2001/XMLSchema-instance">
	<oa:ApplicationArea>
		<oa:Sender>
			<oa:LogicalID>904592</oa:LogicalID>
			<oa:ConfirmationCode>Always</oa:ConfirmationCode>
		</oa:Sender>
		<oa:CreationDateTime>2012-12-18T01:08:00.21Z</oa:CreationDateTime>
		<oa:BODID>90cfG2-qn85n3av</oa:BODID>
	</oa:ApplicationArea>
	<DataArea>
		<oa:Sync>
			<oa:ActionCriteria>
				<oa:ActionExpression actionCode="Add" expressionLanguage="XPath">/SyncEmploymentEligibilityI-9/DataArea/EmploymentEligibilityI-9</oa:ActionExpression>
			</oa:ActionCriteria>
		</oa:Sync>
		<EmploymentEligibilityI-9 majorVersionID="1" minorVersionID="1">
			<DocumentID>A000001</DocumentID>
			<OrganizationID>10001</OrganizationID>
			<SupplierParty>
				<PartyName>I-9 Provider Company</PartyName>
			</SupplierParty>
			<I-9Form revisionDate="2009-01-02" expirationDate="2012-01-01">
				<Section1>
					<FamilyName>Brandon</FamilyName>
					<oa:GivenName>Taylor</oa:GivenName>
					<MiddleName/>
					<oa:AddressLine>1060 West Addison Street</oa:AddressLine>
					<oa:CityName>Chicago</oa:CityName>
					<oa:CountrySubDivisionCode>IL</oa:CountrySubDivisionCode>
					<oa:PostalCode>60613</oa:PostalCode>
					<BirthDate>1950-03-23</BirthDate>
					<PersonLegalID>111-33-9880</PersonLegalID>
					<WorkerEligibilityType>USCitizen</WorkerEligibilityType>
					<ElectronicSignature>
						<SignatureIndicator>true</SignatureIndicator>
						<SignatureDate>2010-01-02</SignatureDate>
					</ElectronicSignature>
					<PreparerCertification>
						<FormattedName>Chris Sabian</FormattedName>
						<PositionTitle>HR Director</PositionTitle>
						<OrganizationalName>CPD</OrganizationalName>
						<ElectronicSignature>
							<SignatureIndicator>true</SignatureIndicator>
							<SignatureDate>2010-01-02</SignatureDate>
						</ElectronicSignature>
					</PreparerCertification>
				</Section1>
				<Section2>
					<Section2Documentation>
						<DocumentTitleListB>USStateDriversLicense</DocumentTitleListB>
						<IssuingAuthorityName>United States</IssuingAuthorityName>
						<EligibilityDocumentID validFrom="2000-01-01" validTo="2012-12-31">A123456789</EligibilityDocumentID>
						<ExpirationDate>2012-12-31</ExpirationDate>
						<Attachment>
							<oa:EmbeddedData mimeCode="image/tiff">Z9pd29kLN7hjZ0dTQUxNQUFJR221RU1tQ1p0dU3ic2jos9ih</oa:EmbeddedData>
						</Attachment>
					</Section2Documentation>
					<Section2Documentation>
						<DocumentTitleListC>BirthCertificateWithSeal</DocumentTitleListC>
						<IssuingAuthorityName>State of IL</IssuingAuthorityName>
						<EligibilityDocumentID>123456789</EligibilityDocumentID>
						<Attachment>
							<oa:EmbeddedData mimeCode="application/pdf">UjBsR09EbGhjZ0dTQUxNQUFBUUNBRU1tQ1p0dU1GUXhEUzhi</oa:EmbeddedData>
						</Attachment>
					</Section2Documentation>
					<EmployerCertification>
						<FormattedName>Chris Sabian</FormattedName>
						<PositionTitle>HR Director</PositionTitle>
						<OrganizationalName>CPD</OrganizationalName>
						<SubmitterAddress languageCode="" type="">
							<oa:AddressLine>121 N La Salle St</oa:AddressLine>
							<oa:CityName>Chicago</oa:CityName>
							<oa:CountrySubDivisionCode>IL</oa:CountrySubDivisionCode>
							<oa:PostalCode>60602</oa:PostalCode>
						</SubmitterAddress>
						<SubmitterPhoneNumber>
							<oa:CountryDialing>US</oa:CountryDialing>
							<oa:AreaDialing>312</oa:AreaDialing>
							<oa:DialNumber>7444000</oa:DialNumber>
						</SubmitterPhoneNumber>
						<ElectronicSignature>
							<SignatureIndicator>true</SignatureIndicator>
							<SignatureDate>2010-01-02</SignatureDate>
						</ElectronicSignature>
						<HireDate>2010-01-02</HireDate>
					</EmployerCertification>
				</Section2>
			</I-9Form>
			<AuditTrail>
				<AuditTrailTypeCode>I-9</AuditTrailTypeCode>
				<AuditTrailDateTime>2011-03-12</AuditTrailDateTime>
				<AuditTrailDescription>
					<AuditTrailDescriptionCode>Completed</AuditTrailDescriptionCode>
				</AuditTrailDescription>
				<AuditTrailPerson>
					<PersonID>jk9fm8</PersonID>
				</AuditTrailPerson>
			</AuditTrail>
		</EmploymentEligibilityI-9>
		<EmploymentEligibilityI-9>
			<DocumentID>A000002</DocumentID>
			<OrganizationID>10001</OrganizationID>
			<SupplierParty>
				<PartyName>I-9 Provider Company</PartyName>
			</SupplierParty>
			<I-9Form revisionDate="2009-01-02" expirationDate="2012-01-01">
				<Section1>
					<FamilyName>Marie</FamilyName>
					<oa:GivenName>Beuforte</oa:GivenName>
					<MiddleName/>
					<oa:AddressLine>12551 3rd Avenue</oa:AddressLine>
					<oa:CityName>New York</oa:CityName>
					<oa:CountrySubDivisionCode>NY</oa:CountrySubDivisionCode>
					<oa:PostalCode>10257</oa:PostalCode>
					<BirthDate>1981-05-15</BirthDate>
					<PersonLegalID>A987654321</PersonLegalID>
					<WorkerEligibilityType>AlienAuthorizedToWork</WorkerEligibilityType>
					<ElectronicSignature>
						<SignatureIndicator>true</SignatureIndicator>
						<SignatureDate>2006-01-02</SignatureDate>
					</ElectronicSignature>
					<PreparerCertification>
						<FormattedName>Josey March</FormattedName>
						<PositionTitle>HR Supervisor</PositionTitle>
						<OrganizationalName>CPD</OrganizationalName>
						<ElectronicSignature>
							<SignatureIndicator>true</SignatureIndicator>
							<SignatureDate>2006-01-02</SignatureDate>
						</ElectronicSignature>
					</PreparerCertification>
				</Section1>
				<Section2>
					<Section2Documentation>
						<DocumentTitleListA>ForeignPassportWithI-94/AForm</DocumentTitleListA>
						<EligibilityDocumentID>A123456789</EligibilityDocumentID>
						<ExpirationDate>2010-12-12</ExpirationDate>
						<Attachment>
							<oa:EmbeddedData mimeCode="image/tiff">Z9pd29kLN7hjZ0dTQUxNQUFJR221RU1tQ1p0dU3ic2jos9ih</oa:EmbeddedData>
						</Attachment>
					</Section2Documentation>
					<EmployerCertification>
						<FormattedName>Josey March</FormattedName>
						<PositionTitle>HR Supervisor</PositionTitle>
						<OrganizationalName>CPD</OrganizationalName>
						<SubmitterAddress languageCode="" type="">
							<oa:AddressLine>121 N La Salle St</oa:AddressLine>
							<oa:CityName>Chicago</oa:CityName>
							<oa:CountrySubDivisionCode>IL</oa:CountrySubDivisionCode>
							<oa:PostalCode>60602</oa:PostalCode>
						</SubmitterAddress>
						<SubmitterPhoneNumber>
							<oa:CountryDialing>US</oa:CountryDialing>
							<oa:AreaDialing>312</oa:AreaDialing>
							<oa:DialNumber>1234568</oa:DialNumber>
						</SubmitterPhoneNumber>
						<ElectronicSignature>
							<SignatureIndicator>true</SignatureIndicator>
							<SignatureDate>2006-01-02</SignatureDate>
						</ElectronicSignature>
						<HireDate>2006-01-02</HireDate>
					</EmployerCertification>
				</Section2>
				<Section3>
					<DocumentTitleListA>ForeignPassportWithI-94/AForm</DocumentTitleListA>
					<EligibilityDocumentID>A123456789</EligibilityDocumentID>
					<ExpirationDate>2015-12-31</ExpirationDate>
					<Attachment>
						<oa:EmbeddedData mimeCode="image/tiff">Z9pd29kLN7hjZ0dTQUxNQUFJR221RU1tQ1p0dU3ic2jos9ih</oa:EmbeddedData>
					</Attachment>
					<ElectronicSignature>
						<SignatureIndicator>true</SignatureIndicator>
						<SignatureDate>2012-12-12</SignatureDate>
					</ElectronicSignature>
				</Section3>
			</I-9Form>
			<AuditTrail>
				<AuditTrailTypeCode>Comment</AuditTrailTypeCode>
				<AuditTrailDateTime>1967-08-13</AuditTrailDateTime>
				<AuditTrailDescription>
					<AuditTrailDescriptionCode>Modified</AuditTrailDescriptionCode>
				</AuditTrailDescription>
				<AuditTrailPerson/>
			</AuditTrail>
		</EmploymentEligibilityI-9>
		<EmploymentEligibilityI-9>
			<DocumentID>A000003</DocumentID>
			<OrganizationID>10001</OrganizationID>
			<I-9Form revisionDate="2009-02-01" expirationDate="2012-01-01">
				<Section1>
					<FamilyName>Sussa</FamilyName>
					<oa:GivenName>Mario</oa:GivenName>
					<MiddleName>G</MiddleName>
					<oa:AddressLine>3990 Color Square</oa:AddressLine>
					<oa:Unit>#22</oa:Unit>
					<oa:CityName>Los Angeles</oa:CityName>
					<oa:CountrySubDivisionCode>CA</oa:CountrySubDivisionCode>
					<oa:PostalCode>90337</oa:PostalCode>
					<BirthDate>1984-08-09</BirthDate>
					<WorkerEligibilityType>AlienAuthorizedToWork</WorkerEligibilityType>
					<!--The I-94 Admission number must be 11 chars in length and must be left padded with 0's if needed   -->
					<AlienEligibility>
						<AlienID>01236985214</AlienID>
						<ExpirationDate>2011-04-15</ExpirationDate>
					</AlienEligibility>
					<ElectronicSignature>
						<SignatureIndicator>true</SignatureIndicator>
						<SignatureDate>2010-02-03</SignatureDate>
					</ElectronicSignature>
				</Section1>
				<Section2>
					<Section2Documentation>
						<DocumentTitleListA>ForeignPassportWithI-94/AForm</DocumentTitleListA>
						<IssuingAuthorityName>US State Department</IssuingAuthorityName>
						<!--This document is not the Alien# but rather the card# or Receipt # of Registration receipt card, only valid if list A document is resident card or form I-551 -->
						<EligibilityDocumentID>012023309</EligibilityDocumentID>
						<ExpirationDate>2011-07-02</ExpirationDate>
						<Attachment>
							<oa:EmbeddedData mimeCode="image/tiff">UjBsR09EbGhjZ0dTQUxNQUFBUUNBRU1tQ1p0dU1GUXhEUzhi</oa:EmbeddedData>
						</Attachment>
					</Section2Documentation>
					<EmployerCertification>
						<FormattedName>Mary Miller</FormattedName>
						<PositionTitle>Recruiter</PositionTitle>
						<SubmitterAddress>
							<oa:AddressLine>120 Michigan Ave</oa:AddressLine>
							<oa:Unit>Suite 330</oa:Unit>
							<oa:CityName>Chicago</oa:CityName>
							<oa:CountrySubDivisionCode>IL</oa:CountrySubDivisionCode>
							<oa:PostalCode>60320</oa:PostalCode>
						</SubmitterAddress>
						<ElectronicSignature>
							<SignatureIndicator>true</SignatureIndicator>
							<SignatureDate>2010-02-26</SignatureDate>
						</ElectronicSignature>
						<HireDate>2010-01-01</HireDate>
					</EmployerCertification>
				</Section2>
			</I-9Form>
		</EmploymentEligibilityI-9>
		<EmploymentEligibilityI-9>
			<DocumentID>A000004</DocumentID>
			<OrganizationID>10001</OrganizationID>
			<SupplierParty>
				<PartyName>ABC I-9 Provider Company</PartyName>
			</SupplierParty>
			<I-9Form revisionDate="2009-02-01" expirationDate="2012-01-01">
				<Section1>
					<FamilyName>Smith</FamilyName>
					<oa:GivenName>John</oa:GivenName>
					<MiddleName>K</MiddleName>
					<oa:AddressLine>1000 Main Street</oa:AddressLine>
					<oa:Unit>A1</oa:Unit>
					<oa:CityName>Holbrook</oa:CityName>
					<oa:CountrySubDivisionCode>NY</oa:CountrySubDivisionCode>
					<oa:PostalCode>11742</oa:PostalCode>
					<BirthDate>1967-08-13</BirthDate>
					<WorkerEligibilityType>LawfulPermanentResident</WorkerEligibilityType>
					<!-- Alien ID must be Must be 9 Chars in length, must be padded with 0's on the left if needed-->
					<AlienID>097574137</AlienID>
					<ElectronicSignature>
						<SignatureIndicator>true</SignatureIndicator>
						<SignatureDate>2009-11-09</SignatureDate>
					</ElectronicSignature>
				</Section1>
				<Section2>
					<Section2Documentation>
						<DocumentTitleListA>PermanentResidentCard</DocumentTitleListA>
						<IssuingAuthorityName>New York State Dept.</IssuingAuthorityName>
						<!--This document is not the Alien# but rather the card# or Receipt # of Registration receipt card, only valid if list A document is resident card or form I-551 -->
						<EligibilityDocumentID>EAC-123-456-7890</EligibilityDocumentID>
						<ExpirationDate>2011-04-15</ExpirationDate>
						<Attachment>
							<oa:EmbeddedData mimeCode="image/tiff">UjBsR09EbGhjZ0dTQUxNQUFBUUNBRU1tQ1p0dU1GUXhEUzhi</oa:EmbeddedData>
						</Attachment>
					</Section2Documentation>
					<EmployerCertification>
						<FormattedName>Harold Sanwold</FormattedName>
						<PositionTitle>HR Manager</PositionTitle>
						<SubmitterAddress>
							<oa:AddressLine>30022 Broder Street</oa:AddressLine>
							<oa:Unit>Suite 330</oa:Unit>
							<oa:CityName>Holbrook</oa:CityName>
							<oa:CountrySubDivisionCode>NY</oa:CountrySubDivisionCode>
							<oa:PostalCode>11742</oa:PostalCode>
						</SubmitterAddress>
						<ElectronicSignature>
							<SignatureIndicator>true</SignatureIndicator>
							<SignatureDate>2009-12-04</SignatureDate>
						</ElectronicSignature>
						<HireDate>2009-11-10</HireDate>
					</EmployerCertification>
				</Section2>
			</I-9Form>
			<AuditTrail>
				<AuditTrailTypeCode>EVerify</AuditTrailTypeCode>
				<AuditTrailDateTime>2011-06-01</AuditTrailDateTime>
				<AuditTrailDescription>
					<AuditTrailDescriptionCode>Created</AuditTrailDescriptionCode>
				</AuditTrailDescription>
				<AuditTrailPerson>
					<PersonName>
						<FormattedName>Owen Counters</FormattedName>
					</PersonName>
				</AuditTrailPerson>
				<EVerify>
					<EVerifyCaseNumber>EV987999</EVerifyCaseNumber>
					<EVerifyStatusDate>2009-04-08</EVerifyStatusDate>
					<EmployerAgent>
						<OrganizationName>ACE Employer Agent Co.</OrganizationName>
					</EmployerAgent>
				</EVerify>
			</AuditTrail>
		</EmploymentEligibilityI-9>
	</DataArea>
</SyncEmploymentEligibilityI-9>
<!--

Copyright The HR-XML Consortium. All Rights Reserved. http://www.hr-xml.org 
Copyright (c) 1997-2010- Open Applications Group, Inc. All Rights Reserved 
-->
