<?xml version="1.0" encoding="UTF-8"?>
<!--Sample XML file generated by XMLSpy v2008 rel. 2 (http://www.altova.com)-->
<AcknowledgeScreeningVendorOrder systemEnvironmentCode="Production" releaseID="3.2" languageCode="en-US"  xsi:schemaLocation="http://www.hr-xml.org/3  ../Developer/BODs/AcknowledgeScreeningVendorOrder.xsd" xmlns="http://www.hr-xml.org/3" xmlns:oa="http://www.openapplications.org/oagis/9" xmlns:xsi="http://www.w3.org/2001/XMLSchema-instance">
	<oa:ApplicationArea>
		<oa:CreationDateTime>2010-05-14T08:08:10.10-05:00</oa:CreationDateTime>
			<oa:BODID>55192457-4ca2-4b9a-aee9-a53fc6486190</oa:BODID>
</oa:ApplicationArea>
	<DataArea>
		<oa:Acknowledge>
			<oa:OriginalApplicationArea>
		<oa:Sender>
			<oa:LogicalID>CRAServerName</oa:LogicalID>
			<oa:ComponentID>ORDER PROCESSING</oa:ComponentID>
			<oa:TaskID>New</oa:TaskID>
			<oa:ConfirmationCode>OnError</oa:ConfirmationCode>
		</oa:Sender>
		<oa:Receiver>
			<oa:LogicalID>ProviderServerName</oa:LogicalID>
			<oa:ComponentID>ORDER PROCESSING</oa:ComponentID>
			<oa:ID schemeAgencyID="ProviderName">3123123</oa:ID>
		</oa:Receiver>
		<oa:CreationDateTime>2008-10-12T10:09:02.01Z</oa:CreationDateTime>
		<oa:BODID>50a71120-fc91-4a95-ad9e-38ebcc53718d</oa:BODID>
			</oa:OriginalApplicationArea>
			<oa:ResponseCriteria>
				<oa:ResponseExpression actionCode="Accepted" expressionLanguage="XPATH">/AcknowledgeScreeningVendorOrder/DataArea/ScreeningVendorOrder/DocumentID</oa:ResponseExpression>
			</oa:ResponseCriteria>
		</oa:Acknowledge>
		<ScreeningVendorOrder majorVersionID="1" minorVersionID="0">
			<DocumentID schemeID="OrderID" schemeAgencyName="CRA">123456</DocumentID>
			<AlternateDocumentID schemeID="ProviderOrderID" schemeAgencyName="Provider">987654</AlternateDocumentID>
			<UserID schemeAgencyName="CRA">CCorner</UserID>
			<AccessCredential>
				<AccessCredentialValue>secretcode</AccessCredentialValue>
			</AccessCredential>
		</ScreeningVendorOrder>
		<ScreeningVendorOrder majorVersionID="1" minorVersionID="0">
			<DocumentID schemeID="OrderID" schemeAgencyName="CRA">123457</DocumentID>
			<AlternateDocumentID schemeID="ProviderOrderID" schemeAgencyName="Provider">987656</AlternateDocumentID>
		</ScreeningVendorOrder>
		<ScreeningVendorOrder majorVersionID="1" minorVersionID="0">
			<DocumentID schemeID="OrderID" schemeAgencyName="CRA">123458</DocumentID>
			<AlternateDocumentID schemeID="ProviderOrderID" schemeAgencyName="Provider">987658</AlternateDocumentID>
		</ScreeningVendorOrder>
		<ScreeningVendorOrder majorVersionID="1" minorVersionID="0">
			<DocumentID schemeID="OrderID" schemeAgencyName="CRA">123459</DocumentID>
			<AlternateDocumentID schemeID="ProviderOrderID" schemeAgencyName="Provider">987659</AlternateDocumentID>
		</ScreeningVendorOrder>
	</DataArea>
</AcknowledgeScreeningVendorOrder>
