<?xml version="1.0" encoding="UTF-8"?>
<!-- This is an example of an instant drug test with a positive result sent from the Lab to the MRO.  -->
<ProcessDrugTest languageCode="en-US" releaseID="3.2" systemEnvironmentCode="Production" xsi:schemaLocation="http://www.hr-xml.org/3 ../Developer/BODs/ProcessDrugTest.xsd" xmlns="http://www.hr-xml.org/3" xmlns:oa="http://www.openapplications.org/oagis/9" xmlns:xsi="http://www.w3.org/2001/XMLSchema-instance">
	<oa:ApplicationArea>
		<oa:Sender>
			<oa:LogicalID>AITPA</oa:LogicalID>
			<oa:ConfirmationCode>Always</oa:ConfirmationCode>
		</oa:Sender>
		<oa:CreationDateTime>2013-05-04T10:09:02.01Z</oa:CreationDateTime>
		<oa:BODID schemeName="GUID" schemeAgencyName="ATS">33d88-d9e3-304b-9d0a-490lx3d3g3xx</oa:BODID>
	</oa:ApplicationArea>
	<DataArea>
		<oa:Process acknowledgeCode="Always">
			<oa:ActionCriteria>
				<oa:ActionExpression actionCode="Add" expressionLanguage="XPath">/ProcessDrugTest/DataArea/DrugTest</oa:ActionExpression>
			</oa:ActionCriteria>
		</oa:Process>
		<DrugTest majorVersionID="1" minorVersionID="0" validFrom="2013-05-04">
			<DocumentID schemeAgencyName="TPA" schemeName="OrderID">123456</DocumentID>
			<DrugTestCustomer>
				<OrganizationID>ABC Trucking</OrganizationID>
				<OrganizationName>ABC Trucking</OrganizationName>
				<OrganizationUnit>
					<OrganizationUnitID>ABC Trucking Midwest</OrganizationUnitID>
					<OrganizationUnitName>ABC Trucking Midwest</OrganizationUnitName>
					<OrganizationUnitContact>
						<ContactName>Marg Peoples</ContactName>
						<RoleName>HR Rep</RoleName>
					</OrganizationUnitContact>
				</OrganizationUnit>
				<DesignatedEmployerRepresentative>
					<PersonName>
						<FormattedName>Jeremy Johnson</FormattedName>
					</PersonName>
					<Communication>
						<ChannelCode>Telephone</ChannelCode>
						<oa:DialNumber>614-433-8493</oa:DialNumber>
						<oa:Extension>1220</oa:Extension>
					</Communication>
				</DesignatedEmployerRepresentative>
			</DrugTestCustomer>
			<DrugTestStatus>
				<DrugTestStatusCode>LabComplete</DrugTestStatusCode>
			</DrugTestStatus>
			<SearchDrugTest>
				<DrugTestReasonCode>PreEmployment</DrugTestReasonCode>
				<OrderedDate>2013-05-03</OrderedDate>
				<ScheduledDate>2013-05-03</ScheduledDate>
				<ExpirationDate>2013-05-05</ExpirationDate>
				<HardExpireIndicator>true</HardExpireIndicator>
				<RequestSplitSampleIndicator>false</RequestSplitSampleIndicator>
				<RequestObservationIndicator>false</RequestObservationIndicator>
				<SpecimenDonor>
					<ScreeningSubjectID schemeAgencyName="Customer" schemeName="EmployeeID">6001234</ScreeningSubjectID>
					<PersonName>
						<oa:GivenName>Jonathan</oa:GivenName>
						<FamilyName>Donor</FamilyName>
					</PersonName>
					<PositionTitle>Operator</PositionTitle>
					<FreeFormBirthDate>
						<FormattedDateTime>1966-03-14</FormattedDateTime>
					</FreeFormBirthDate>
					<Communication>
						<ChannelCode>Telephone</ChannelCode>
						<UseCode>Personal</UseCode>
						<oa:DialNumber>123-231-2586</oa:DialNumber>
					</Communication>
					<Communication>
						<ChannelCode>MobileTelephone</ChannelCode>
						<UseCode>Business</UseCode>
						<oa:DialNumber>123-123-3993</oa:DialNumber>
					</Communication>
					<Communication>
						<ChannelCode>Email</ChannelCode>
						<oa:Text>JDonor@abctrucking.com</oa:Text>
					</Communication>
					<SignatureDate>2013-05-05</SignatureDate>
					<DonorSignature>
						<PersonName>
							<FormattedName>Jonathan Donor</FormattedName>
						</PersonName>
						<SignatureDate>2013-05-05</SignatureDate>
						<Attachment>
							<oa:EmbeddedData format="Base64" mimeCode=".txt" encodingCode="URT-8">Sm9uYXRoYW4gRG9ub3I=</oa:EmbeddedData>
						</Attachment>
					</DonorSignature>
					<DonorIDVerificationIndicator>true</DonorIDVerificationIndicator>
				</SpecimenDonor>
				<SpecimenCollection>
					<SpecimenCollectionSite>
						<SpecimenCollectionSiteID>OKC123</SpecimenCollectionSiteID>
						<OrganizationName>Concentra-OKC</OrganizationName>
						<Communication>
							<UseCode>Personal</UseCode>
							<Address>
								<oa:AddressLine/>
								<oa:CityName>Kansas City</oa:CityName>
								<oa:CountrySubDivisionCode>OK</oa:CountrySubDivisionCode>
								<CountryCode>US</CountryCode>
							</Address>
						</Communication>
						<SpecimenCollectionSiteTypeCode>Contractor</SpecimenCollectionSiteTypeCode>
						<SpecimenCollector>
							<PersonName>
								<FormattedName>JaneDoe</FormattedName>
							</PersonName>
							<PositionTitle>Collector</PositionTitle>
							<SignatureDate>2013-05-03</SignatureDate>
						</SpecimenCollector>
					</SpecimenCollectionSite>
					<SpecimenCollectionSiteResult>
						<SpecimenID>84775938</SpecimenID>
						<SpecimenCollectionDate>2013-05-03</SpecimenCollectionDate>
						<SpecimenTypeCode>Urine</SpecimenTypeCode>
						<SplitSampleIndicator>false</SplitSampleIndicator>
						<ObservedCollectionIndicator>false</ObservedCollectionIndicator>
						<TemperatureInRangeIndicator>true</TemperatureInRangeIndicator>
						<DrugTestRefusalIndicator>false</DrugTestRefusalIndicator>
					</SpecimenCollectionSiteResult>
				</SpecimenCollection>
				<Lab>
					<Laboratory>
						<PartyID>LC12</PartyID>
						<PartyName>Labcorp</PartyName>
						<AccountNumber>LC1234</AccountNumber>
					</Laboratory>
					<LaboratoryResult>
						<LaboratoryOverallResult>
							<FinalResultIndicator>true</FinalResultIndicator>
							<PositiveResultIndicator>true</PositiveResultIndicator>
							<SpecimenDiluteIndicator>false</SpecimenDiluteIndicator>
							<SpecimenAnalysis>
								<CreatinineLevel unitCode="ml/dl">1.0</CreatinineLevel>
								<SpecificGravity>1.5</SpecificGravity>
								<pHLevel>6.0</pHLevel>
								<InsufficientQuantityIndicator>false</InsufficientQuantityIndicator>
							</SpecimenAnalysis>
						</LaboratoryOverallResult>
						<SubstanceResult>
							<DrugTestSubstanceCode>AMP</DrugTestSubstanceCode>
							<PositiveResultIndicator>true</PositiveResultIndicator>
							<SpecimenDiluteIndicator>false</SpecimenDiluteIndicator>
							<SubstanceQuantity unitCode="ng/ml">720</SubstanceQuantity>
							<ScreenCutoffValue unitCode="ng/ml">500</ScreenCutoffValue>
							<ConfirmationCutoffValue unitCode="ng/ml">250</ConfirmationCutoffValue>
						</SubstanceResult>
						<SubstanceResult>
							<DrugTestSubstanceCode>COC</DrugTestSubstanceCode>
							<NegativeResultIndicator>true</NegativeResultIndicator>
							<SpecimenDiluteIndicator>false</SpecimenDiluteIndicator>
							<SubstanceQuantity>0</SubstanceQuantity>
							<ScreenCutoffValue unitCode="ng/ml">150</ScreenCutoffValue>
							<ConfirmationCutoffValue unitCode="ng/ml">100</ConfirmationCutoffValue>
						</SubstanceResult>
						<SubstanceResult>
							<DrugTestSubstanceCode>OPI</DrugTestSubstanceCode>
							<NegativeResultIndicator>true</NegativeResultIndicator>
							<SpecimenDiluteIndicator>false</SpecimenDiluteIndicator>
							<SubstanceQuantity>0</SubstanceQuantity>
							<ScreenCutoffValue unitCode="ng/ml">2000</ScreenCutoffValue>
							<ConfirmationCutoffValue unitCode="ng/ml">2000</ConfirmationCutoffValue>
						</SubstanceResult>
						<SubstanceResult>
							<DrugTestSubstanceCode>PCP</DrugTestSubstanceCode>
							<PositiveResultIndicator>true</PositiveResultIndicator>
							<SpecimenDiluteIndicator>false</SpecimenDiluteIndicator>
							<SubstanceQuantity unitCode="ng/ml">28</SubstanceQuantity>
							<ScreenCutoffValue unitCode="ng/ml">25</ScreenCutoffValue>
							<ConfirmationCutoffValue unitCode="ng/ml">25</ConfirmationCutoffValue>
						</SubstanceResult>
						<SubstanceResult>
							<DrugTestSubstanceCode>THC</DrugTestSubstanceCode>
							<NegativeResultIndicator>true</NegativeResultIndicator>
							<SpecimenDiluteIndicator>false</SpecimenDiluteIndicator>
							<SubstanceQuantity>0</SubstanceQuantity>
							<ScreenCutoffValue unitCode="ng/ml">50</ScreenCutoffValue>
							<ConfirmationCutoffValue unitCode="ng/ml">15</ConfirmationCutoffValue>
						</SubstanceResult>
						<SubstanceResult>
							<DrugTestSubstanceCode>6AM</DrugTestSubstanceCode>
							<NegativeResultIndicator>true</NegativeResultIndicator>
							<SpecimenDiluteIndicator>false</SpecimenDiluteIndicator>
							<SubstanceQuantity>0</SubstanceQuantity>
							<ScreenCutoffValue unitCode="ng/ml">10</ScreenCutoffValue>
							<ConfirmationCutoffValue unitCode="ng/ml">10</ConfirmationCutoffValue>
						</SubstanceResult>
						<SubstanceResult>
							<DrugTestSubstanceCode>MDMA</DrugTestSubstanceCode>
							<NegativeResultIndicator>true</NegativeResultIndicator>
							<SpecimenDiluteIndicator>false</SpecimenDiluteIndicator>
							<SubstanceQuantity>0</SubstanceQuantity>
							<ScreenCutoffValue unitCode="ng/ml">500</ScreenCutoffValue>
							<ConfirmationCutoffValue unitCode="ng/ml">250</ConfirmationCutoffValue>
						</SubstanceResult>
						<CertifyingScientist>
							<PersonName>
								<FormattedName>Daryl Smith</FormattedName>
							</PersonName>
							<SignatureDate>2013-05-05</SignatureDate>
							<Attachment>
								<oa:EmbeddedData format="Base64" mimeCode=".txt" encodingCode="UTF-8">RGFyeWwgU21pdGg=</oa:EmbeddedData>
							</Attachment>
						</CertifyingScientist>
						<SpecimenReceivedDate>2013-05-05</SpecimenReceivedDate>
						<ReportDate>2013-05-05</ReportDate>
					</LaboratoryResult>
					</Lab>
				<MRO>
					<MedicalReviewOfficer>
						<PartyName>MRO University</PartyName>
						<PersonContact>
							<PersonID>258693</PersonID>
							<Communication>
								<ChannelCode>Telephone</ChannelCode>
								<UseCode>Business</UseCode>
								<oa:DialNumber>727-852-9632</oa:DialNumber>
							</Communication>
						</PersonContact>
					</MedicalReviewOfficer>
				</MRO>
			</SearchDrugTest>
		</DrugTest>
	</DataArea>
</ProcessDrugTest>
