<?xml version="1.0" encoding="UTF-8"?>
<!--The function of this document is for the CRA to request the status of a single order.  Typically, the provider will need to perform some research in order to provide and estimated completion date and reason for the delay..-->
<SyncScreeningVendorOrder releaseID="3.2" languageCode="en-US" xsi:schemaLocation="http://www.hr-xml.org/3 ../Developer/BODs/SyncScreeningVendorOrder.xsd" xmlns="http://www.hr-xml.org/3" xmlns:oa="http://www.openapplications.org/oagis/9" xmlns:xsi="http://www.w3.org/2001/XMLSchema-instance">
	<oa:ApplicationArea>
		<oa:Sender>
			<oa:LogicalID>123456</oa:LogicalID>
			<oa:TaskID>Message</oa:TaskID>
			<oa:ConfirmationCode>Always</oa:ConfirmationCode>
		</oa:Sender>
		<oa:Receiver>
			<oa:LogicalID>CL6789</oa:LogicalID>
		</oa:Receiver>
		<oa:CreationDateTime>2010-07-16T19:25:30.45-05:00</oa:CreationDateTime>
		<oa:BODID>cd75db67-3baf-4dca-8633-ec805b7c5a01</oa:BODID>
	</oa:ApplicationArea>
	<DataArea>
		<oa:Sync recordSetCompleteIndicator="true" recordSetTotal="1">
			<oa:ActionCriteria>
				<oa:ActionExpression actionCode="Modified" expressionLanguage="XPATH">/SyncScreeningVendorOrder/DataArea/ScreeningVendorOrder/ScreeningMessage</oa:ActionExpression>
			</oa:ActionCriteria>
		</oa:Sync>
		<ScreeningVendorOrder majorVersionID="1" minorVersionID="0">
			<DocumentID schemeID="RequestID" schemeAgencyName="FADV">123456</DocumentID>
			<AlternateDocumentID schemeID="ProviderOrderID" schemeAgencyName="Provider">987654</AlternateDocumentID>
			<!--Note that some CRA's may require the abilitiy for the provider to return more then one Id -->
			<AlternateDocumentID schemeAgencyName="CRA" schemeName="OrderId">222456790</AlternateDocumentID>
			<AlternateDocumentID schemeAgencyName="CRA" schemeName="CaseId">17836375</AlternateDocumentID>
			<!--Note that some CRA's may not store and have the abilitiy to return  the Providers Id-->
			<AlternateDocumentID schemeAgencyName="Provider">123784</AlternateDocumentID>
			<UserID>ccorner@fadv.com</UserID>
			<AccessCredential>
				<AccessCredentialValue>password</AccessCredentialValue>
			</AccessCredential>
			<SubmittedDateTime>2010-07-16T19:20:30.45-05:00</SubmittedDateTime>
			<ScreeningMessage>
				<ID schemeName="Msg_ID" schemeAgencyName="FADV">2233223</ID>
				<ReplyToMessageID schemeName="Message_ID" schemeAgencyName="Provider">23334</ReplyToMessageID>
				<oa:ReasonCode>02</oa:ReasonCode>
				<oa:Description>Ok, I'll look tomorrow for the information.  Thanks again.</oa:Description>
			</ScreeningMessage>
		</ScreeningVendorOrder>
	</DataArea>
</SyncScreeningVendorOrder>
