<?xml version="1.0" encoding="UTF-8"?>
<!--Sample XML file generated by XMLSpy v2008 rel. 2 (http://www.altova.com)-->
<GetEmploymentEligibilityI-9 
systemEnvironmentCode="Production" 
releaseID="3.2" 
languageCode="en-US" 
xsi:schemaLocation="http://www.hr-xml.org/3 ../Developer/BODs/GetEmploymentEligibilityI-9.xsd" 
xmlns="http://www.hr-xml.org/3" 
xmlns:oa="http://www.openapplications.org/oagis/9" 
xmlns:xsi="http://www.w3.org/2001/XMLSchema-instance">
	<oa:ApplicationArea>
		<oa:CreationDateTime>2012-12-18T01:08:00.01Z</oa:CreationDateTime>
		<oa:BODID>uvn9442-q78fjk30s</oa:BODID>
	</oa:ApplicationArea>
	<DataArea>
		<oa:Get uniqueIndicator="true" recordSetSaveIndicator="true" maxItems="50">
			<oa:Expression>/GetEmploymentEligibilityI-9/DataArea/EmploymentEligibilityI-9</oa:Expression>
		</oa:Get>
		<EmploymentEligibilityI-9 majorVersionID="1" minorVersionID="1">
			<OrganizationID>10001</OrganizationID>
		</EmploymentEligibilityI-9>
	</DataArea>
</GetEmploymentEligibilityI-9>
