<?xml version="1.0" encoding="UTF-8"?>
<!--Sample XML file generated by XMLSpy v2011 rel. 2 sp1 (http://www.altova.com)-->
<ChangeScreeningVendorReport systemEnvironmentCode="Production" releaseID="3.2" xsi:schemaLocation="http://www.hr-xml.org/3 ../Developer/BODs/ChangeScreeningVendorReport.xsd" xmlns="http://www.hr-xml.org/3" xmlns:oa="http://www.openapplications.org/oagis/9" xmlns:xsi="http://www.w3.org/2001/XMLSchema-instance">
	<oa:ApplicationArea>
		<oa:Sender>
			<oa:LogicalID>CL6789</oa:LogicalID>
			<oa:TaskID>Message</oa:TaskID>
			<oa:ConfirmationCode>Always</oa:ConfirmationCode>
		</oa:Sender>
		<oa:Receiver>
			<oa:LogicalID>123456</oa:LogicalID>
			<oa:ID schemeAgencyID="CRAName">123123123</oa:ID>
		</oa:Receiver>
		<oa:CreationDateTime>2010-07-16T19:25:30.45-05:00</oa:CreationDateTime>
		<oa:BODID>EA83659F-DEF2-456C-B9C0-9D33A2F7C011</oa:BODID>
	</oa:ApplicationArea>
	<DataArea>
		<oa:Change>
			<oa:ActionCriteria>
				<oa:ActionExpression expressionLanguage="XPATH" actionCode="Change">/ChangeScreeningVendorReport/DataArea/ScreeningVendorReport/ScreeningMessage</oa:ActionExpression>
			</oa:ActionCriteria>
		</oa:Change>
		<ScreeningVendorReport majorVersionID="1" minorVersionID="0">
			<DocumentID schemeID="RequestID" schemeAgencyName="FADV">123456</DocumentID>
			<AlternateDocumentID schemeID="ProviderOrderID" schemeAgencyName="Provider">987654</AlternateDocumentID>
			<!--Note that some CRA's may require the abilitiy for the provider to return more then one Id -->
			<AlternateDocumentID schemeAgencyName="CRA" schemeName="OrderId">222456790</AlternateDocumentID>
			<AlternateDocumentID schemeAgencyName="CRA" schemeName="CaseId">17836375</AlternateDocumentID>
			<!--Note that some CRA's may not store and have the abilitiy to return  the Providers Id-->
			<AlternateDocumentID schemeAgencyName="Provider">123784</AlternateDocumentID>
			<UserID>ccorner@fadv.com</UserID>
			<AccessCredential>
				<AccessCredentialValue>password</AccessCredentialValue>
			</AccessCredential>
			<ScreeningMessage>
				<ID schemeAgencyName="Provider" schemeName="Message_ID">23334</ID>
				<oa:Description>I had some difficulty with the court house computer system, I was told that it should be operational again tomorrow.</oa:Description>
			</ScreeningMessage>
		</ScreeningVendorReport>
	</DataArea>
</ChangeScreeningVendorReport>
