<?xml version="1.0" encoding="UTF-8"?>
<!--Sample XML file generated by XMLSpy v2008 rel. 2 (http://www.altova.com)-->
<ShowScreeningVendorReport releaseID="3.2" languageCode="en-US" xsi:schemaLocation="http://www.hr-xml.org/3 ../Developer/BODs/ShowScreeningVendorReport.xsd" xmlns="http://www.hr-xml.org/3" xmlns:oa="http://www.openapplications.org/oagis/9" xmlns:xsi="http://www.w3.org/2001/XMLSchema-instance">
	<oa:ApplicationArea>
		<oa:Sender>
			<oa:LogicalID>123456</oa:LogicalID>
			<oa:TaskID>LateResponse</oa:TaskID>
			<oa:ConfirmationCode>OnError</oa:ConfirmationCode>
		</oa:Sender>
		<oa:Receiver>
			<oa:LogicalID>CL6789</oa:LogicalID>
		</oa:Receiver>
		<oa:CreationDateTime>2010-07-17T08:20:30.45-05:00</oa:CreationDateTime>
		<oa:BODID>ed75db67-3baf-4dca-8633-ec805b7c3b56</oa:BODID>
	</oa:ApplicationArea>
	<DataArea>
		<oa:Show recordSetCompleteIndicator="true" recordSetCount="1" recordSetStartNumber="1" recordSetTotal="1">
			<oa:OriginalApplicationArea>
				<oa:Sender>
					<oa:LogicalID>123456</oa:LogicalID>
				</oa:Sender>
				<oa:Receiver>
					<oa:LogicalID>CL6789</oa:LogicalID>
				</oa:Receiver>
				<oa:CreationDateTime>2010-08-16T08:20:30.45-05:00</oa:CreationDateTime>
				<!--Note that the BODID may not always be appropriate here.  For reporting of the late list, when multiple items are sent, the results could be the result of multiple GetScreeningVendorOrder's from UC002a -->
				<oa:BODID>cd75db67-3baf-4dca-8633-ec805b7c3b56</oa:BODID>
			</oa:OriginalApplicationArea>
		</oa:Show>
		<ScreeningVendorReport majorVersionID="1" minorVersionID="0">
			<DocumentID schemeID="RequestID" schemeAgencyName="FADV">123456</DocumentID>
			<!--Note that some CRA's may require the abilitiy for the provider to return more then one Id -->
			<AlternateDocumentID schemeAgencyName="CRA" schemeName="OrderId">222456790</AlternateDocumentID>
			<AlternateDocumentID schemeAgencyName="CRA" schemeName="CaseId">17836375</AlternateDocumentID>
			<!--Note that some CRA's may not store and have the abilitiy to return  the Providers Id-->
			<AlternateDocumentID schemeAgencyName="Provider">123784</AlternateDocumentID>
			<DocumentSequence>2</DocumentSequence>
			<UserID>ccorner@fadv.com</UserID>
			<AccessCredential>
				<AccessCredentialValue>password</AccessCredentialValue>
			</AccessCredential>
			<OrderReceivedDate>1967-08-13</OrderReceivedDate>
			<StatusDateTime>2010-08-16T08:20:30.45-05:00</StatusDateTime>
			<EstimatedOrderCompletedDate>2010-08-16T14:20:30.45-05:00</EstimatedOrderCompletedDate>
			<ScreeningOrderStatusCode>InProgress</ScreeningOrderStatusCode>
			<OrderHistory>
				<StatusDateTime>2010-07-15T08:30:30.45-05:00</StatusDateTime>
				<oa:Description>OrderReceived</oa:Description>
			</OrderHistory>
			<OrderHistory>
				<StatusDateTime>2010-07-15T08:30:30.45-05:00</StatusDateTime>
				<oa:Description>Request Additional Information.  Special Release was required.</oa:Description>
			</OrderHistory>
			<OrderHistory>
				<StatusDateTime>2010-07-16T17:30:30.45-05:00</StatusDateTime>
				<oa:Description>Reeceived Additional Information.</oa:Description>
			</OrderHistory>
			<ScreeningMessage>
				<oa:ReasonCode>Late</oa:ReasonCode>
				<oa:Description>Order completion delayed due to missing information.</oa:Description>
			</ScreeningMessage>
		</ScreeningVendorReport>
	</DataArea>
</ShowScreeningVendorReport>
