<?xml version="1.0" encoding="UTF-8"?>
<!--Sample XML file generated by XMLSpy v2011 rel. 2 sp1 (http://www.altova.com)-->
<ChangeScreeningVendorReport systemEnvironmentCode="Production" releaseID="3.2" xsi:schemaLocation="http://www.hr-xml.org/3 ../Developer/BODs/ChangeScreeningVendorReport.xsd" xmlns="http://www.hr-xml.org/3" xmlns:oa="http://www.openapplications.org/oagis/9" xmlns:xsi="http://www.w3.org/2001/XMLSchema-instance">
	<oa:ApplicationArea>
		<oa:Sender>
			<oa:LogicalID>CL6789</oa:LogicalID>
			<oa:TaskID>Reported</oa:TaskID>
			<oa:ConfirmationCode>Always</oa:ConfirmationCode>
		</oa:Sender>
		<oa:Receiver>
			<oa:LogicalID>123456</oa:LogicalID>
			<oa:ID schemeAgencyID="CRAName">123123123</oa:ID>
		</oa:Receiver>
		<oa:CreationDateTime>2010-07-16T19:25:30.45-05:00</oa:CreationDateTime>
		<oa:BODID>EA83659F-DEF2-456C-B9C0-9D33A2F7-06A01</oa:BODID>
	</oa:ApplicationArea>
	<DataArea>
		<oa:Change>
			<oa:ActionCriteria>
				<oa:ActionExpression expressionLanguage="XPATH" actionCode="Accepted">/ChangeScreeningVendorReport/DataArea/ScreeningVendorReport</oa:ActionExpression>
			</oa:ActionCriteria>
		</oa:Change>
		<ScreeningVendorReport majorVersionID="1" minorVersionID="0">
			<DocumentID schemeID="RequestID" schemeAgencyName="FADV">123456</DocumentID>
			<AlternateDocumentID schemeID="ProviderOrderID" schemeAgencyName="Provider">987654</AlternateDocumentID>
			<!--Note that some CRA's may require the abilitiy for the provider to return more then one Id -->
			<AlternateDocumentID schemeAgencyName="CRA" schemeName="OrderId">222456790</AlternateDocumentID>
			<AlternateDocumentID schemeAgencyName="CRA" schemeName="CaseId">17836375</AlternateDocumentID>
			<!--Note that some CRA's may not store and have the abilitiy to return  the Providers Id-->
			<AlternateDocumentID schemeAgencyName="Provider">123784</AlternateDocumentID>
			<UserID>ccorner@fadv.com</UserID>
			<AccessCredential>
				<AccessCredentialValue>password</AccessCredentialValue>
			</AccessCredential>
			<!--Note that subject information is not necessary to echo back unless there is addition/changed information.  Including some information can be helpful with troubleshooting. -->
			<ScreeningVendorSubject>
				<ScreeningVendorPerson>
					<ScreeningVendorPersonName>
						<ScreeningSubjectTypeCode>Current</ScreeningSubjectTypeCode>
						<PersonName nameTypeCode="CurrentName">
							<oa:GivenName>Jane</oa:GivenName>
							<MiddleName>A</MiddleName>
							<FamilyName>Doe</FamilyName>
							<FormerFamilyName>Smith</FormerFamilyName>
						</PersonName>
					</ScreeningVendorPersonName>
				</ScreeningVendorPerson>
			</ScreeningVendorSubject>
			<ScreeningVendorCourtReport>
				<Court>
					<!-- If a Court was specified in the order, then this is an echo of the order...again not required unless there is some ambiguity in which court was searched. -->
					<!-- If a Jurisdiction was specified in the order, then some CRAs may required the Provider to list of each court that was searched. -->
					<CourtID schemeAgencyName="Provider">1234</CourtID>
					<CourtName>Apache County Superior Court</CourtName>
					<CourtLevel>County</CourtLevel>
					<Address>
						<oa:AddressLine>70 West 3rd South</oa:AddressLine>
						<oa:CityName>St. Johns</oa:CityName>
						<oa:CountrySubDivisionCode listName="State">AZ</oa:CountrySubDivisionCode>
						<CountryCode>US</CountryCode>
						<oa:PostalCode>85936</oa:PostalCode>
					</Address>
				</Court>
				<CourtResult>
					<RecordFoundIndicator>true</RecordFoundIndicator>
					<ScreeningVendorCriminalCase>
						<CaseID>554433</CaseID>
						<CourtName>Apache County Superior Court</CourtName>
						<SubjectConfirmationMethodCode>BirthDate</SubjectConfirmationMethodCode>
						<SubjectConfirmationMethodCode>ProvidedName</SubjectConfirmationMethodCode>
						<SubjectConfirmationMethodCode>GovernmentID</SubjectConfirmationMethodCode>
						<ScreeningVendorSubject>
							<ScreeningVendorSubjectTypeCode>Person</ScreeningVendorSubjectTypeCode>
							<ScreeningVendorPerson>
								<PersonLegalID schemeAgencyID="US" schemeAgencyName="SSA">123456789</PersonLegalID>
								<ScreeningVendorPersonName>
									<PersonName>
										<oa:GivenName>Jane</oa:GivenName>
										<MiddleName>A</MiddleName>
										<FamilyName>Doe</FamilyName>
										<FormerFamilyName>Smith</FormerFamilyName>
									</PersonName>
								</ScreeningVendorPersonName>
								<Address>
									<oa:AddressLine>200 Main Street</oa:AddressLine>
									<oa:CityName>Stony Brook</oa:CityName>
									<oa:CountrySubDivisionCode listName="State">NY</oa:CountrySubDivisionCode>
									<CountryCode>US</CountryCode>
									<oa:PostalCode>11790</oa:PostalCode>
								</Address>
							</ScreeningVendorPerson>
						</ScreeningVendorSubject>
						<CriminalCharge>
							<ChargeOrComplaint>Trespassing</ChargeOrComplaint>
							<CriminalChargeLevelCode>Misdemeanor</CriminalChargeLevelCode>
							<ArrestDate>
								<FormattedDateTime>2010-04-15</FormattedDateTime>
							</ArrestDate>
							<OffenseDate>
								<FormattedDateTime>2010-04-10</FormattedDateTime>
							</OffenseDate>
							<Sentence>One month solitary confinement</Sentence>
							<SentenceDate>
								<FormattedDateTime>2010-04-15</FormattedDateTime>
							</SentenceDate>
							<Plea>PleaNotGuilty</Plea>
							<PleaDate>
								<FormattedDateTime>2010-05-01</FormattedDateTime>
							</PleaDate>
							<CourtActionCode>ShowCause</CourtActionCode>
							<CourtActionDate>
								<FormattedDateTime>2010-05-01</FormattedDateTime>
							</CourtActionDate>
							<ChargeDispositionCode>FoundGuilty</ChargeDispositionCode>
							<DispositionDate>
								<FormattedDateTime>2010-05-01</FormattedDateTime>
							</DispositionDate>
							<ChargeDate>
								<FormattedDateTime>2010-04-15</FormattedDateTime>
							</ChargeDate>
							<ConvictedOf>Tresspassing while drinking</ConvictedOf>
						</CriminalCharge>
						<CriminalCharge>
							<ChargeOrComplaint>Drinking in public</ChargeOrComplaint>
							<CriminalChargeLevelCode>Misdemeanor</CriminalChargeLevelCode>
							<ArrestDate>
								<FormattedDateTime>2010-04-15</FormattedDateTime>
							</ArrestDate>
							<OffenseDate>
								<FormattedDateTime>2010-04-10</FormattedDateTime>
							</OffenseDate>
							<Plea>PleaNotGuilty</Plea>
							<PleaDate>
								<FormattedDateTime>2010-05-01</FormattedDateTime>
							</PleaDate>
							<ChargeDispositionCode>Dismissed</ChargeDispositionCode>
							<DispositionDate>
								<FormattedDateTime>2010-05-01</FormattedDateTime>
							</DispositionDate>
							<ChargeDate>
								<FormattedDateTime>2010-04-15</FormattedDateTime>
							</ChargeDate>
						</CriminalCharge>
					</ScreeningVendorCriminalCase>
					<SearchFee searchFeeCode="CopyFeePerPage">
						<oa:Amount currencyID="USD">5.00</oa:Amount>
						<oa:Description>5 pages</oa:Description>
					</SearchFee>
					<Attachment>
						<AttachmentID schemeAgencyName="Provider" schemeName="Doc_Id">1232</AttachmentID>
						<oa:EmbeddedData mimeCode="image\tiff">UjBsR09EbGhjZ0dTQUxNQUFBUUNBRU1tQ1p0dU1GUXhEUzhi</oa:EmbeddedData>
						<oa:FileName>1232Copies.tif</oa:FileName>
						<DocumentDateTime>2011-03-13</DocumentDateTime>
						<oa:Description>Court copies</oa:Description>
						<oa:FileType>tif</oa:FileType>
					</Attachment>
				</CourtResult>
				<ScreeningVendorAdmittedCharge>
					<AdmittedChargesID>123334</AdmittedChargesID>
					<!-- The following two indicators are required when an admitted charge is sent in the order.  It gives the CRA a confirmation that the admitted charge was addressed. -->
					<ReviewedIndicator>true</ReviewedIndicator>
					<LocatedIndicator>true</LocatedIndicator>
				</ScreeningVendorAdmittedCharge>
			</ScreeningVendorCourtReport>
		</ScreeningVendorReport>
		
		
		<ScreeningVendorReport majorVersionID="1" minorVersionID="0">
			<DocumentID schemeID="RequestID" schemeAgencyName="FADV">123457</DocumentID>
			<AlternateDocumentID schemeID="ProviderOrderID" schemeAgencyName="Provider">987656</AlternateDocumentID>
			<!-- Notice that UserID and other credentials are not necessary, they were supplied with the first report -->
			<OrderReceivedDate>2011-03-01T10:50:33</OrderReceivedDate>
			<OrderCompletedDate>2011-03-03T11:40:12</OrderCompletedDate>
			<ScreeningOrderStatusCode>Complete</ScreeningOrderStatusCode>
			<ScreeningVendorResultCode>Hit</ScreeningVendorResultCode>
			<ScopeOfWork>
				<WorkScopeCode>7Y</WorkScopeCode>
				<WorkScopeName>Actual Years Searched</WorkScopeName>
			</ScopeOfWork>
			<OrderHistory>
				<StatusDateTime>2011-03-01T11:30:02</StatusDateTime>
				<UserID>RSMITH</UserID>
				<oa:Description>Took request to the court house</oa:Description>
			</OrderHistory>
			<OrderHistory>
				<StatusDateTime>2011-03-01T13:50:22</StatusDateTime>
				<UserID>RSMITH</UserID>
				<oa:Description>Conducted search and made copies of court documents.</oa:Description>
			</OrderHistory>
			<OrderHistory>
				<StatusDateTime>2011-03-02T10:10:22</StatusDateTime>
				<UserID/>
				<oa:Description>Conducted search and made copies of court documents.</oa:Description>
			</OrderHistory>
			<ScreeningVendorCourtReport>
				<CourtResult>
					<ScreeningVendorCriminalCase>
						<CourtName>Circuit Court</CourtName>
						<oa:CountrySubDivisionCode listName="County">Sacramento</oa:CountrySubDivisionCode>
						<oa:CountrySubDivisionCode listName="State">CA</oa:CountrySubDivisionCode>
						<CountryCode>US</CountryCode>
						<SubjectConfirmationMethodCode>BirthDate</SubjectConfirmationMethodCode>
						<SubjectConfirmationMethodCode>ProvidedName</SubjectConfirmationMethodCode>
						<SubjectConfirmationMethodCode listAgencyID="US" listAgencyName="SSA">GovernmentID</SubjectConfirmationMethodCode>
						<CivilCharge>
							<FilingDate>
								<FormattedDateTime>2008-06-16</FormattedDateTime>
							</FilingDate>
							<Plaintiff>
								<FormattedName>Roger Clements</FormattedName>
							</Plaintiff>
							<Defendant>
								<FormattedName>Harry Truman</FormattedName>
							</Defendant>
							<CaseType>Landlord tenant dispute</CaseType>
							<CaseDescription>Eviction</CaseDescription>
							<DispositionDate>
								<FormattedDateTime>2008-06-16</FormattedDateTime>
							</DispositionDate>
							<DispositionDescription>Final judgment for possession entered in favor of plantiff, $500.</DispositionDescription>
						</CivilCharge>
					</ScreeningVendorCriminalCase>
					<SearchFee searchFeeCode="CopyFeePerPage">
						<oa:Amount currencyID="USD">7.50</oa:Amount>
						<oa:Description>10 pages</oa:Description>
					</SearchFee>
				</CourtResult>
			</ScreeningVendorCourtReport>
		</ScreeningVendorReport>		
		
		
		<ScreeningVendorReport majorVersionID="1" minorVersionID="0">
			<DocumentID schemeID="RequestID" schemeAgencyName="FADV">123458</DocumentID>
			<AlternateDocumentID schemeID="ProviderOrderID" schemeAgencyName="Provider">987655</AlternateDocumentID>
			<!-- Notice that UserID and other credentials are not necessary, they were supplied with the first report -->
			<OrderReceivedDate>2011-03-01T10:50:33</OrderReceivedDate>
			<OrderCompletedDate>2011-03-02T13:50:33</OrderCompletedDate>
			<ScreeningOrderStatusCode>Complete</ScreeningOrderStatusCode>
			<ScreeningVendorResultCode>Hit</ScreeningVendorResultCode>
			<ScopeOfWork>
				<WorkScopeCode>7Y</WorkScopeCode>
				<WorkScopeName>Actual Years Searched</WorkScopeName>
			</ScopeOfWork>
			<ScreeningVendorCourtReport>
				<CourtResult>
					<ScreeningVendorCriminalCase>
						<CourtName>Bankrupcy</CourtName>
						<oa:CountrySubDivisionCode listName="County">Sacramento</oa:CountrySubDivisionCode>
						<oa:CountrySubDivisionCode listName="State">CA</oa:CountrySubDivisionCode>
						<CountryCode>US</CountryCode>
						<SubjectConfirmationMethodCode>BirthDate</SubjectConfirmationMethodCode>
						<SubjectConfirmationMethodCode>ProvidedName</SubjectConfirmationMethodCode>
						<SubjectConfirmationMethodCode listAgencyID="US" listAgencyName="SSA">GovernmentID</SubjectConfirmationMethodCode>
						<BankruptcyCharge>
							<FilingDate>
								<FormattedDateTime>2009-01-22</FormattedDateTime>
							</FilingDate>
							<NatureOfDebt>Non-business consumer</NatureOfDebt>
							<CommenceUnder>Chapter 7</CommenceUnder>
							<CaseType>Insolvency</CaseType>
							<DischargeDate>
								<FormattedDateTime>2009-02-01</FormattedDateTime>
							</DischargeDate>
							<BankruptcyOutcome>Settlement agreement and mutual release</BankruptcyOutcome>
						</BankruptcyCharge>
					</ScreeningVendorCriminalCase>
					<SearchFee searchFeeCode="CopyFeePerPage">
						<oa:Amount currencyID="USD">5.50</oa:Amount>
						<oa:Description>6 pages</oa:Description>
					</SearchFee>
				</CourtResult>
			</ScreeningVendorCourtReport>
		</ScreeningVendorReport>
	</DataArea>
</ChangeScreeningVendorReport>
