<?xml version="1.0" encoding="UTF-8"?>
<!--The function of this document is for the CRA to place a  single order by jurisdiction with the provider. When the BODID is not present, it is assumed that this is a synchronous SOAP request and that a BODID is not mandatory.    If this is a SOAP Asynchrounous request, the BODID could prove to be useful.  It is recommended that the BODID be specified for each data transfer and stored by each party. -->
<ProcessScreeningVendorOrder systemEnvironmentCode="Production" releaseID="3.2" languageCode="en-US" xsi:schemaLocation="http://www.hr-xml.org/3  ../Developer/BODs/ProcessScreeningVendorOrder.xsd" xmlns="http://www.hr-xml.org/3" xmlns:oa="http://www.openapplications.org/oagis/9" xmlns:xsi="http://www.w3.org/2001/XMLSchema-instance">
	<oa:ApplicationArea>
		<oa:Sender>
			<oa:LogicalID>CRAServerName</oa:LogicalID>
			<oa:ComponentID>ORDER PROCESSING</oa:ComponentID>
			<oa:TaskID>New</oa:TaskID>
			<oa:ConfirmationCode>OnError</oa:ConfirmationCode>
		</oa:Sender>
		<oa:Receiver>
			<oa:LogicalID>ProviderServerName</oa:LogicalID>
			<oa:ComponentID>ORDER PROCESSING</oa:ComponentID>
			<oa:ID schemeAgencyID="ProviderName">3123123</oa:ID>
		</oa:Receiver>
		<oa:CreationDateTime>2008-10-12T10:09:02.01Z</oa:CreationDateTime>
		<oa:BODID>50a71120-fc91-4a95-ad9e-38ebcc53718d</oa:BODID>
	</oa:ApplicationArea>
	<DataArea>
		<oa:Process acknowledgeCode="Always">
			<oa:ActionCriteria>
				<oa:ActionExpression actionCode="Add">/ProcessScreeningOrder/DataArea/ScreeningOrder</oa:ActionExpression>
				<oa:ChangeStatus>
					<oa:ReasonCode>New</oa:ReasonCode>
				</oa:ChangeStatus>
			</oa:ActionCriteria>
		</oa:Process>
		<ScreeningVendorOrder majorVersionID="1" minorVersionID="0">
			<DocumentID schemeID="OrderID" schemeAgencyName="CRA">123456</DocumentID>
			<AlternateDocumentID>222456789</AlternateDocumentID>
			<UserID>CCorner@FADV.com</UserID>
			<AccessCredential>
				<AccessCredentialValue>secretcode</AccessCredentialValue>
			</AccessCredential>
			<ScreeningVendorSubject>
				<ScreeningVendorSubjectTypeCode>Person</ScreeningVendorSubjectTypeCode>
				<ScreeningVendorPerson>
					<PersonLegalID schemeAgencyID="US" schemeAgencyName="SSA">123456789</PersonLegalID>
					<PersonLegalID schemeAgencyID="VA" schemeAgencyName="DMV">123456789</PersonLegalID>
					<PrimarySubjectIndicator>true</PrimarySubjectIndicator>
					<ScreeningVendorPersonName>
						<ScreeningSubjectTypeCode>Current</ScreeningSubjectTypeCode>
						<PersonName nameTypeCode="CurrentName">
							<oa:GivenName>Jane</oa:GivenName>
							<MiddleName>A</MiddleName>
							<FamilyName>Doe</FamilyName>
							<FormerFamilyName>Smith</FormerFamilyName>
						</PersonName>
					</ScreeningVendorPersonName>
					<Address currentAddressIndicator="true">
						<oa:AddressLine>10 Main Street</oa:AddressLine>
						<oa:CityName>Setauket</oa:CityName>
						<oa:CountrySubDivisionCode listName="State">NY</oa:CountrySubDivisionCode>
						<CountryCode>US</CountryCode>
						<oa:PostalCode>11733</oa:PostalCode>
					</Address>
					<Address currentAddressIndicator="false">
						<oa:AddressLine>5 Minor Street</oa:AddressLine>
						<oa:CityName>Setauket</oa:CityName>
						<oa:CountrySubDivisionCode listName="State">NY</oa:CountrySubDivisionCode>
						<CountryCode>US</CountryCode>
						<oa:PostalCode>11733</oa:PostalCode>
					</Address>
					<RaceCode>W</RaceCode>
					<GenderCode>Male</GenderCode>
					<FreeFormBirthDate>
						<FormattedDateTime>2001-02-28</FormattedDateTime>
					</FreeFormBirthDate>
				</ScreeningVendorPerson>
			</ScreeningVendorSubject>
			<SubmittedDateTime>2010-05-11T12:08:10.10-05:00</SubmittedDateTime>
			<ResultDueDateTime>2010-05-14T12:08:10.10-05:00</ResultDueDateTime>
			<ScopeOfWork>
				<WorkScopeCode>10</WorkScopeCode>
				<oa:Description>Mandatory 10 year non FCRA search.</oa:Description>
			</ScopeOfWork>
			<ScreeningVendorOrderCode>Standard</ScreeningVendorOrderCode>
			<ScreeningMessage>
				<oa:Description>Please Rush.</oa:Description>
			</ScreeningMessage>
			<ScreeningVendorCourtOrder>
				<ScreeningVendorAdmittedCharge>
					<AdmittedChargesSummary>Arresting Agency : JOPLIN POLICE AGENCY  Charge/Complaint : TRESPASSING  Disposition : Pled Guilty  Explanation : I WAS VISITING A FRIEND AT A HOMELESS SHELTER AND I DIDNT LIVE THERE  AND THE PERSON THAT WAS ASSISTING IN THE RUNNING OF THE SHELTER SAID THAT I HAD TO LEAVE, BUT I DIDN'T</AdmittedChargesSummary>
				</ScreeningVendorAdmittedCharge>
				<CourtSearchPeriod>
					<oa:Duration>P10Y</oa:Duration>
				</CourtSearchPeriod>
				<CourtSearchProductCode>Felony</CourtSearchProductCode>
				<Jurisdiction>
					<CourtLevel>County</CourtLevel>
					<oa:CityName>Setauket</oa:CityName>
					<oa:CountrySubDivisionCode listName="County">Suffolk</oa:CountrySubDivisionCode>
					<oa:CountrySubDivisionCode listName="State">NY</oa:CountrySubDivisionCode>
					<CountryCode>US</CountryCode>
					<oa:PostalCode>11733</oa:PostalCode>
				</Jurisdiction>
				<Attachment>
					<AttachmentID>1</AttachmentID>
					<oa:EmbeddedData mimeCode="image\tiff">UjBsR09EbGhjZ0dTQUxNQUFBUUNBRU1tQ1p0dU1GUXhEUzhi</oa:EmbeddedData>
					<oa:FileName>222456789Release.tif</oa:FileName>
					<DocumentDateTime>1967-08-13</DocumentDateTime>
					<oa:Description>Special Notarized Release</oa:Description>
					<oa:FileType>tif</oa:FileType>
				</Attachment>
			</ScreeningVendorCourtOrder>
		</ScreeningVendorOrder>




		<ScreeningVendorOrder majorVersionID="1" minorVersionID="0">
			<DocumentID schemeID="OrderID" schemeAgencyName="CRA">123457</DocumentID>
			<AlternateDocumentID>222456790</AlternateDocumentID>
			<ScreeningVendorSubject>
				<ScreeningVendorSubjectTypeCode>Person</ScreeningVendorSubjectTypeCode>
				<ScreeningVendorPerson>
					<PersonLegalID schemeAgencyID="US" schemeAgencyName="SSA">123456999</PersonLegalID>
					<PersonLegalID schemeAgencyID="CA" schemeAgencyName="DMV">123456789</PersonLegalID>
					<PrimarySubjectIndicator>true</PrimarySubjectIndicator>
					<ScreeningVendorPersonName>
						<ScreeningSubjectTypeCode>Current</ScreeningSubjectTypeCode>
						<PersonName nameTypeCode="CurrentName">
							<oa:GivenName>Roger</oa:GivenName>
							<FamilyName>Clemons</FamilyName>
						</PersonName>
					</ScreeningVendorPersonName>
					<Address currentAddressIndicator="true">
						<oa:AddressLine>10 Minor Street</oa:AddressLine>
						<oa:CityName>Lake Wales</oa:CityName>
						<oa:CountrySubDivisionCode listName="State">FL</oa:CountrySubDivisionCode>
						<CountryCode>US</CountryCode>
						<oa:PostalCode>33859</oa:PostalCode>
					</Address>
					<RaceCode>W</RaceCode>
					<GenderCode>Male</GenderCode>
					<FreeFormBirthDate>
						<FormattedDateTime>1999-01-31</FormattedDateTime>
					</FreeFormBirthDate>
				</ScreeningVendorPerson>
			</ScreeningVendorSubject>
			<SubmittedDateTime>2010-05-11T12:08:10.10-05:00</SubmittedDateTime>
			<ResultDueDateTime>2010-05-13T12:08:10.10-05:00</ResultDueDateTime>
			<ScopeOfWork>
				<WorkScopeCode>10</WorkScopeCode>
				<oa:Description>Mandatory 10 year FCRA search.</oa:Description>
			</ScopeOfWork>
			<ScreeningVendorOrderCode>Standard</ScreeningVendorOrderCode>
			<ScreeningMessage>
				<oa:Description>Please Rush.</oa:Description>
			</ScreeningMessage>
			<ScreeningVendorCourtOrder>
				<CourtSearchPeriod>
					<oa:Duration>P10Y</oa:Duration>
				</CourtSearchPeriod>
				<CourtSearchProductCode>CivilUpperLowerPlantiffDefendant</CourtSearchProductCode>
				<Jurisdiction>
					<CourtLevel>County</CourtLevel>
					<oa:CountrySubDivisionCode listName="County">Polk</oa:CountrySubDivisionCode>
					<oa:CountrySubDivisionCode listName="State">FL</oa:CountrySubDivisionCode>
					<CountryCode>US</CountryCode>
				</Jurisdiction>
				<Attachment>
					<AttachmentID>2</AttachmentID>
					<oa:EmbeddedData mimeCode="image\tiff">UjBsR09EbGhjZ0dTQUxNQUFBUUNBRU1tQ1p0dU1GUXhEUzhi</oa:EmbeddedData>
					<oa:FileName>222456790Release.tif</oa:FileName>
					<DocumentDateTime>2011-03-03</DocumentDateTime>
					<oa:Description>Special Notarized Release</oa:Description>
					<oa:FileType>tif</oa:FileType>
				</Attachment>
			</ScreeningVendorCourtOrder>
		</ScreeningVendorOrder>


		<ScreeningVendorOrder majorVersionID="1" minorVersionID="0">
			<DocumentID schemeID="OrderID" schemeAgencyName="CRA">123458</DocumentID>
			<AlternateDocumentID>222456777</AlternateDocumentID>
			<ScreeningVendorSubject>
				<ScreeningVendorSubjectTypeCode>Person</ScreeningVendorSubjectTypeCode>
				<ScreeningVendorPerson>
					<PersonLegalID schemeAgencyID="US" schemeAgencyName="SSA">123456888</PersonLegalID>
					<PersonLegalID schemeAgencyID="CA" schemeAgencyName="DMV">0987654321</PersonLegalID>
					<PrimarySubjectIndicator>true</PrimarySubjectIndicator>
					<ScreeningVendorPersonName>
						<ScreeningSubjectTypeCode>Current</ScreeningSubjectTypeCode>
						<PersonName nameTypeCode="CurrentName">
							<oa:GivenName>Matthew</oa:GivenName>
							<FamilyName>Brody</FamilyName>
						</PersonName>
					</ScreeningVendorPersonName>
					<Address currentAddressIndicator="true">
						<oa:AddressLine>10 Atonal Street</oa:AddressLine>
						<oa:CityName>Elk Gove</oa:CityName>
						<oa:CountrySubDivisionCode listName="State">CA</oa:CountrySubDivisionCode>
						<CountryCode>US</CountryCode>
						<oa:PostalCode>95624</oa:PostalCode>
					</Address>
					<RaceCode>W</RaceCode>
					<GenderCode>Male</GenderCode>
					<FreeFormBirthDate>
						<FormattedDateTime>1991-04-24</FormattedDateTime>
					</FreeFormBirthDate>
				</ScreeningVendorPerson>
			</ScreeningVendorSubject>
			<SubmittedDateTime>2010-05-11T12:08:10.10-05:00</SubmittedDateTime>
			<ResultDueDateTime>2010-05-13T12:08:10.10-05:00</ResultDueDateTime>
			<ScopeOfWork>
				<WorkScopeCode>7</WorkScopeCode>
				<oa:Description>Mandatory 7 year FCRA search.</oa:Description>
			</ScopeOfWork>
			<ScreeningVendorOrderCode>Standard</ScreeningVendorOrderCode>
			<ScreeningMessage>
				<oa:Description>Please take your time.</oa:Description>
			</ScreeningMessage>
			<ScreeningVendorCourtOrder>
				<CourtSearchPeriod>
					<oa:Duration>P7Y</oa:Duration>
				</CourtSearchPeriod>
				<CourtSearchProductCode>FederalBankruptcy</CourtSearchProductCode>
				<Jurisdiction>
					<CourtLevel>County</CourtLevel>
					<oa:CountrySubDivisionCode listName="County">Sacramento</oa:CountrySubDivisionCode>
					<oa:CountrySubDivisionCode listName="State">CA</oa:CountrySubDivisionCode>
					<CountryCode>US</CountryCode>
				</Jurisdiction>
				<Attachment>
					<AttachmentID>3</AttachmentID>
					<oa:EmbeddedData mimeCode="image\tiff">UjBsR09EbGhjZ0dTQUxNQUFBUUNBRU1tQ1p0dU1GUXhEUzhi</oa:EmbeddedData>
					<oa:FileName>222451233Release.tif</oa:FileName>
					<DocumentDateTime>2011-03-03</DocumentDateTime>
					<oa:Description>Special Notarized Release</oa:Description>
					<oa:FileType>tif</oa:FileType>
				</Attachment>
			</ScreeningVendorCourtOrder>
		</ScreeningVendorOrder>



		<ScreeningVendorOrder majorVersionID="1" minorVersionID="0">
			<DocumentID schemeID="OrderID" schemeAgencyName="CRA">123459</DocumentID>
			<AlternateDocumentID>222456888</AlternateDocumentID>
			<ScreeningVendorSubject>
				<ScreeningVendorSubjectTypeCode>Person</ScreeningVendorSubjectTypeCode>
				<ScreeningVendorPerson>
					<PersonLegalID schemeAgencyID="US" schemeAgencyName="SSA">123456777</PersonLegalID>
					<PersonLegalID schemeAgencyID="CA" schemeAgencyName="DMV">098761234</PersonLegalID>
					<PrimarySubjectIndicator>true</PrimarySubjectIndicator>
					<ScreeningVendorPersonName>
						<ScreeningSubjectTypeCode>Current</ScreeningSubjectTypeCode>
						<PersonName nameTypeCode="CurrentName">
							<oa:GivenName>Harry</oa:GivenName>
							<FamilyName>Crushner</FamilyName>
						</PersonName>
					</ScreeningVendorPersonName>
					<Address currentAddressIndicator="true">
						<oa:AddressLine>10 Lydian Street</oa:AddressLine>
						<oa:CityName>Edwardsville</oa:CityName>
						<oa:CountrySubDivisionCode listName="State">AL</oa:CountrySubDivisionCode>
						<CountryCode>US</CountryCode>
						<oa:PostalCode>36261</oa:PostalCode>
					</Address>
					<RaceCode>W</RaceCode>
					<GenderCode>Male</GenderCode>
					<FreeFormBirthDate>
						<FormattedDateTime>1975-08-12</FormattedDateTime>
					</FreeFormBirthDate>
				</ScreeningVendorPerson>
			</ScreeningVendorSubject>
			<SubmittedDateTime>2010-05-11T12:08:10.10-05:00</SubmittedDateTime>
			<ResultDueDateTime>2010-05-13T12:08:10.10-05:00</ResultDueDateTime>
			<ScopeOfWork>
				<WorkScopeCode>7</WorkScopeCode>
				<oa:Description>Mandatory 7 year FCRA search.</oa:Description>
			</ScopeOfWork>
			<ScreeningVendorOrderCode>Standard</ScreeningVendorOrderCode>
			<ScreeningMessage>
				<oa:Description>Please take your time.</oa:Description>
			</ScreeningMessage>
			<ScreeningVendorCourtOrder>
				<CourtSearchPeriod>
					<oa:Duration>P7Y</oa:Duration>
				</CourtSearchPeriod>
				<CourtSearchProductCode>FederalCriminal</CourtSearchProductCode>
				<Jurisdiction>
					<CourtLevel>FederalCriminal</CourtLevel>
					<oa:CountrySubDivisionCode listName="State">AL</oa:CountrySubDivisionCode>
					<CountryCode>US</CountryCode>
					<District>Northern District</District>
					<Division>Southern Division</Division>
				</Jurisdiction>
				<Attachment>
					<AttachmentID>4</AttachmentID>
					<oa:EmbeddedData mimeCode="image\tiff">UjBsR09EbGhjZ0dTQUxNQUFBUUNBRU1tQ1p0dU1GUXhEUzhi</oa:EmbeddedData>
					<oa:FileName>22123413Release.tif</oa:FileName>
					<DocumentDateTime>2011-03-02</DocumentDateTime>
					<oa:Description>Special Notarized Release</oa:Description>
					<oa:FileType>tif</oa:FileType>
				</Attachment>
			</ScreeningVendorCourtOrder>
		</ScreeningVendorOrder>

	</DataArea>
</ProcessScreeningVendorOrder>
