<?xml version="1.0" encoding="UTF-8"?>
<!--This ConfirmBod will acknowledge receipt of the GetScreeningVendorReport only in addition to the fact that the request was rejected.  In this instanct the request was for a late list, XML was well formed however, the authentication failed as identified by <ResponseExpression actionCode="Accepted" as well as an XPATH to the BODID in the  GetScreeningVendorReport.  -->
<ConfirmBOD releaseID="3.2" languageCode="en-US" xsi:schemaLocation="http://www.openapplications.org/oagis/9 ..\..\..\org_openapplications_platform\1_2\BODs\ConfirmBOD.xsd" xmlns="http://www.openapplications.org/oagis/9" xmlns:xsi="http://www.w3.org/2001/XMLSchema-instance">
	<ApplicationArea>
		<Sender>
			<LogicalID>CL6789</LogicalID>
		</Sender>
		<Receiver>
			<LogicalID>123456</LogicalID>
		</Receiver>
		<CreationDateTime>2010-07-16T19:20:30.49-05:00</CreationDateTime>
		<!-- BODID in the ApplicationArea will be unique for every BOD -->
		<BODID>dd75db67-3baf-4dca-8633-ec805b7c3b57</BODID>
	</ApplicationArea>
	<DataArea>
		<Confirm>
			<OriginalApplicationArea>
				<Sender>
					<LogicalID>123456</LogicalID>
					<TaskID>Late</TaskID>
					<ConfirmationCode>Always</ConfirmationCode>
				</Sender>
				<Receiver>
					<LogicalID>CL6789</LogicalID>
				</Receiver>
				<CreationDateTime>2010-07-16T19:20:30.45-05:00</CreationDateTime>
				<!-- BODID in the BODID from the original GetScreeningVendorReport -->
				<BODID>cd75db67-3baf-4dca-8633-ec805b7c3b56</BODID>
			</OriginalApplicationArea>
			<ResponseCriteria>
				<ResponseExpression actionCode="Rejected" expressionLanguage="XPATH">/ConfirmBOD/DataArea/BOD/PartialBODFailureMessage/NounFailureMessage</ResponseExpression>
			</ResponseCriteria>
			<ResponseCriteria>
				<ResponseExpression actionCode="Accepted" expressionLanguage="XPATH">/ConfirmBOD/DataArea/BOD/PartialBODFailureMessage/NounSuccessMessage</ResponseExpression>
			</ResponseCriteria>
		</Confirm>
		<BOD>
			<PartialBODFailureMessage>
				<NounFailureMessage>
					<ErrorProcessMessage>
						<Description>ProviderId does not match CRA ID's.</Description>
						<Note author="CRA" type="DocumentID">123456</Note>
						<Note author="CRA" type="OrderId">222456790</Note>
						<Note author="CRA" type="Cased">17836375</Note>
						<Note author="Provider" type="ProviderID">123784</Note>
						<ReasonCode>Validation</ReasonCode>
					</ErrorProcessMessage>
				</NounFailureMessage>
				<NounSuccessMessage>
					<ProcessMessage>
						<Note type="DocumentID">123457</Note>
						<Note author="CRA" type="OrderId">222456789</Note>
						<Note author="CRA" type="Cased">17836475</Note>
						<Note author="Provider" type="ProviderID">123456</Note>
					</ProcessMessage>
				</NounSuccessMessage>
			</PartialBODFailureMessage>
		</BOD>
	</DataArea>
</ConfirmBOD>
