<?xml version="1.0" encoding="UTF-8"?>
<GetWorkerOnBoarding  releaseID="3.2" languageCode="en-US" 
		systemEnvironmentCode="Production"
		xsi:schemaLocation="http://www.hr-xml.org/3 ../Developer/BODs/GetWorkerOnboarding.xsd" 
		xmlns="http://www.hr-xml.org/3" 
		xmlns:oa="http://www.openapplications.org/oagis/9" 
		xmlns:xsi="http://www.w3.org/2001/XMLSchema-instance">

	<oa:ApplicationArea>
		<oa:Sender>
			<oa:LogicalID>89mkg</oa:LogicalID>
			<oa:ConfirmationCode>Always</oa:ConfirmationCode>
		</oa:Sender>
		<oa:CreationDateTime>2010-01-11T12:10:20.10Z</oa:CreationDateTime>
		<oa:BODID schemeName="GUID">gtm22rt9-c34e-401b-9d0a-615ba5e87667</oa:BODID>
	</oa:ApplicationArea>

	<DataArea>
		<oa:Get uniqueIndicator="true" recordSetSaveIndicator="true">
			<oa:Expression expressionLanguage="XPath">//WorkerOnBoarding/OnBoardingEmployee/EmployeeID="EMP-56345"</oa:Expression>
		</oa:Get>
	<WorkerOnBoarding majorVersionID="1" minorVersionID="0">
	</WorkerOnBoarding>
	</DataArea>
</GetWorkerOnBoarding>
<!--
Copyright The HR-XML Consortium. All Rights Reserved. http://www.hr-xml.org 
Copyright (c) 1997-2011 Open Applications Group, Inc. All Rights Reserved 
-->