<?xml version="1.0" encoding="UTF-8"?>
<ProcessWorkerOnBoarding languageCode="en-US" releaseID="3.2" 	
		systemEnvironmentCode="Production" 
		xsi:schemaLocation="http://www.hr-xml.org/3 ../Developer/BODs/ProcessWorkerOnBoarding.xsd" 
		xmlns="http://www.hr-xml.org/3" 
		xmlns:xsi="http://www.w3.org/2001/XMLSchema-instance" 
		xmlns:oa="http://www.openapplications.org/oagis/9">

	<oa:ApplicationArea>
		<oa:Sender>
			<oa:LogicalID>e99fnp2</oa:LogicalID>
			<oa:ConfirmationCode>OnError</oa:ConfirmationCode>
		</oa:Sender>
		<oa:CreationDateTime>2011-02-01T10:15:02.01Z</oa:CreationDateTime>
		<oa:BODID>66f67e88-c34e-401b-9d0a-885ba5e0f667</oa:BODID>
	</oa:ApplicationArea>

	<DataArea>
		<oa:Process acknowledgeCode="Always">
			<oa:ActionCriteria>
				<oa:ActionExpression actionCode="Change" expressionLanguage="XPath">//WorkerOnBoarding[DocumentID="df987e66"]</oa:ActionExpression>
			</oa:ActionCriteria>
		</oa:Process>

		<WorkerOnBoarding majorVersionID="1" minorVersionID="0">
			<DocumentID schemeAgencyName="ATS" schemeName="OnboardingTransactionID">df987e66</DocumentID>
			<EmployerIdentifiers>
				<OrganizationID schemeAgencyName="ATS" schemeName="OrganizationID">46884910-c1ba-4a95-862d-ad6d925fcda4</OrganizationID>
				<OrganizationName>ABC Company</OrganizationName>
			</EmployerIdentifiers>
			<OnBoardingPerson>
				<PersonID schemeAgencyName="ATS" schemeName="ApplicantID">ebf81291-3dcc-4a66-8355-64881e1d7659</PersonID>
				<PersonName>
					<FormattedName>Frederik Goulden</FormattedName>
					<oa:GivenName>Frederik</oa:GivenName>
					<FamilyName>Goulden</FamilyName>
				</PersonName>
			</OnBoardingPerson>
		</WorkerOnBoarding>
	</DataArea>
</ProcessWorkerOnBoarding>
<!--
Copyright The HR-XML Consortium. All Rights Reserved. http://www.hr-xml.org 
Copyright (c) 1997-2011 Open Applications Group, Inc. All Rights Reserved 
-->