<?xml version="1.0" encoding="UTF-8"?>
<!--Sample XML file generated by XMLSpy v2008 rel. 2 (http://www.altova.com)-->
<GetEmploymentEligibilityI-9 
systemEnvironmentCode="Production" 
releaseID="3.2" 
languageCode="en-US" 
xsi:schemaLocation="http://www.hr-xml.org/3 ../Developer/BODs/GetEmploymentEligibilityI-9.xsd" 
xmlns="http://www.hr-xml.org/3" 
xmlns:oa="http://www.openapplications.org/oagis/9" 
xmlns:xsi="http://www.w3.org/2001/XMLSchema-instance">
	<oa:ApplicationArea>
		<oa:Sender>
			<oa:LogicalID>89rtc7</oa:LogicalID>
			<oa:ConfirmationCode>OnError</oa:ConfirmationCode>
		</oa:Sender>
		<oa:CreationDateTime>2013-01-03T01:08:00.01Z</oa:CreationDateTime>
		<oa:BODID>fbd87e88-c34e-401b-9d0a-615ba5e87667</oa:BODID>
	</oa:ApplicationArea>
	<DataArea>
		<oa:Get uniqueIndicator="true" recordSetSaveIndicator="true">
			<oa:Expression expressionLanguage="XPath">/GetEmploymentEligibilityI-9/DataArea/EmploymentEligibilityI-9/DocumentID="A000001"</oa:Expression>
		</oa:Get>
		<EmploymentEligibilityI-9 majorVersionID="1" minorVersionID="1">
			<DocumentID>A000001</DocumentID>
			<OrganizationID>10001</OrganizationID>
		</EmploymentEligibilityI-9>
	</DataArea>
</GetEmploymentEligibilityI-9>
