<?xml version="1.0" encoding="UTF-8"?>
<!--Sample XML file generated by XMLSpy v2011 rel. 2 sp1 (http://www.altova.com)-->
<ChangeScreeningVendorReport systemEnvironmentCode="Production" releaseID="3.2" languageCode="en-US" xsi:schemaLocation="http://www.hr-xml.org/3 ../Developer/BODs/ChangeScreeningVendorReport.xsd" xmlns="http://www.hr-xml.org/3" xmlns:oa="http://www.openapplications.org/oagis/9" xmlns:xsi="http://www.w3.org/2001/XMLSchema-instance">
	<oa:ApplicationArea>
		<oa:Sender>
			<oa:LogicalID>ProviderServerName</oa:LogicalID>
			<oa:ComponentID>ORDER PROCESSING</oa:ComponentID>
			<oa:TaskID>Reported</oa:TaskID>
			<oa:ConfirmationCode>Always</oa:ConfirmationCode>
		</oa:Sender>
		<oa:Receiver>
			<oa:LogicalID>CRAServerName</oa:LogicalID>
			<oa:ComponentID>ORDER PROCESSING</oa:ComponentID>
			<oa:ID schemeAgencyID="CRAName">123123123</oa:ID>
		</oa:Receiver>
		<oa:CreationDateTime>2011-03-01</oa:CreationDateTime>
		<oa:BODID>EA83659F-DEF2-456C-B9C0-9D33A2F7C0131</oa:BODID>
	</oa:ApplicationArea>
	<DataArea>
		<oa:Change>
			<oa:ActionCriteria>
				<oa:ActionExpression actionCode="Change" expressionLanguage="XPATH">/ChangeScreeningVendorReport/DataArea/ScreeningVendorReport</oa:ActionExpression>
			</oa:ActionCriteria>
		</oa:Change>
		<ScreeningVendorReport majorVersionID="1" minorVersionID="0">
			<DocumentID schemeAgencyName="CRA" schemeName="OrderId">103820-01-002</DocumentID>
			<AlternateDocumentID schemeAgencyName="Provider" schemeName="OrderId">23848921</AlternateDocumentID>
			<UserID schemeAgencyName="Provider">CRAsUserID</UserID>
			<AccessCredential>
				<AccessCredentialTypeCode>Password</AccessCredentialTypeCode>
				<AccessCredentialValue>Th3B3stP@assword</AccessCredentialValue>
			</AccessCredential>
			<ScreeningVendorSubject>
				<ScreeningVendorSubjectTypeCode>Person</ScreeningVendorSubjectTypeCode>
				<ScreeningVendorPerson>
					<PersonLegalID schemeAgencyID="US" schemeAgencyName="SSA">123456789</PersonLegalID>
					<PersonLegalID schemeAgencyID="MA" schemeAgencyName="DMV">123456789</PersonLegalID>
					<PrimarySubjectIndicator>true</PrimarySubjectIndicator>
					<ScreeningVendorPersonName>
						<ScreeningSubjectTypeCode>Current</ScreeningSubjectTypeCode>
						<PersonName nameTypeCode="CurrentName">
							<oa:GivenName>Larry</oa:GivenName>
							<MiddleName>Frank</MiddleName>
							<FamilyName>Smith</FamilyName>
						</PersonName>
					</ScreeningVendorPersonName>
					<Address currentAddressIndicator="true">
						<ID>1111</ID>
						<oa:AddressLine>10 Main Street</oa:AddressLine>
						<oa:CityName>AMHERST</oa:CityName>
						<oa:CountrySubDivisionCode listName="County">HAMPSHIRE</oa:CountrySubDivisionCode>
						<oa:CountrySubDivisionCode listName="State">MA</oa:CountrySubDivisionCode>
						<CountryCode>US</CountryCode>
						<oa:PostalCode>01002</oa:PostalCode>
					</Address>
					<GenderCode>Male</GenderCode>
					<FreeFormBirthDate>
						<FormattedDateTime>1960-10-10</FormattedDateTime>
					</FreeFormBirthDate>
				</ScreeningVendorPerson>
			</ScreeningVendorSubject>
			<OrderReceivedDate>2011-03-01</OrderReceivedDate>
			<StatusDateTime>2011-03-03T21:00:00</StatusDateTime>
			<OrderCompletedDate>2011-03-03</OrderCompletedDate>
			<ScreeningOrderStatusCode>Complete</ScreeningOrderStatusCode>
			<ScreeningVendorResultCode>Hit</ScreeningVendorResultCode>
			<ScopeOfWork>
				<WorkScopeName>Standard</WorkScopeName>
				<oa:Description>Not all court copies were available</oa:Description>
			</ScopeOfWork>
			<ScreeningVendorCourtReport>
				<Court>
					<CourtID schemeAgencyName="Provider">1112</CourtID>
					<CourtName>3rd Court of Affairs</CourtName>
					<CourtLevel>CountyCity</CourtLevel>
				</Court>
				<CourtResult>
					<RecordFoundIndicator>true</RecordFoundIndicator>
					<CourtSearchPeriod>
						<StartDate>
							<FormattedDateTime>2001-03-01</FormattedDateTime>
						</StartDate>
						<EndDate>
							<FormattedDateTime>2011-03-01</FormattedDateTime>
						</EndDate>
					</CourtSearchPeriod>
					<ScreeningVendorCriminalCase>
						<CaseID>129919-120</CaseID>
						<FileDate>
							<FormattedDateTime>2005-10-02</FormattedDateTime>
						</FileDate>
						<ArrestingAgencyName>City Marshal</ArrestingAgencyName>
						<CourtName>3rd Court of Affairs</CourtName>
						<JurisdictionCode>City</JurisdictionCode>
						<oa:CityName>AMHERST</oa:CityName>
						<oa:CountrySubDivisionCode listName="County">HAMPSHIRE</oa:CountrySubDivisionCode>
						<oa:CountrySubDivisionCode listName="State">MA</oa:CountrySubDivisionCode>
						<CountryCode>US</CountryCode>
						<SubjectConfirmationMethodCode>FamilyName</SubjectConfirmationMethodCode>
						<SubjectConfirmationMethodCode>FullAddress</SubjectConfirmationMethodCode>
						<SubjectConfirmationMethodCode>BirthDate</SubjectConfirmationMethodCode>
						<SubjectConfirmationMethodCode listAgencyName="SSA" listName="SSN">GovernmentID</SubjectConfirmationMethodCode>
						<SubjectConfirmationMethodCode listAgencyName="DMV" listName="MA">GovernmentID</SubjectConfirmationMethodCode>
						<ScreeningVendorSubject>
							<ScreeningVendorSubjectTypeCode>Person</ScreeningVendorSubjectTypeCode>
							<ScreeningVendorPerson>
								<PersonLegalID schemeAgencyID="US" schemeAgencyName="SSA">123456789</PersonLegalID>
								<PersonLegalID schemeAgencyID="MA" schemeAgencyName="DMV">123456789</PersonLegalID>
								<ScreeningVendorPersonName>
									<PersonName>
										<oa:GivenName>Lawrence</oa:GivenName>
										<FamilyName>Smith</FamilyName>
									</PersonName>
								</ScreeningVendorPersonName>
								<Address currentAddressIndicator="true">
									<ID>1111</ID>
									<oa:AddressLine>10 Main Street</oa:AddressLine>
									<oa:CityName>AMHERST</oa:CityName>
									<oa:CountrySubDivisionCode listName="County">HAMPSHIRE</oa:CountrySubDivisionCode>
									<oa:CountrySubDivisionCode listName="State">MA</oa:CountrySubDivisionCode>
									<CountryCode>US</CountryCode>
									<oa:PostalCode>01002</oa:PostalCode>
								</Address>
								<GenderCode>Male</GenderCode>
								<FreeFormBirthDate>
									<FormattedDateTime>1960-10-10</FormattedDateTime>
								</FreeFormBirthDate>
							</ScreeningVendorPerson>
						</ScreeningVendorSubject>
						<CriminalCharge>
							<ChargeOrComplaint>Assaulting a fellow man</ChargeOrComplaint>
							<CriminalChargeLevelCode>Felony</CriminalChargeLevelCode>
							<ArrestDate>
								<DateText>2005-10-11</DateText>
							</ArrestDate>
							<OffenseDate>
								<DateText>2005-09-15</DateText>
							</OffenseDate>
							<Sentence>6 months prison.</Sentence>
							<SentenceDate>
								<DateText>2005-10-15</DateText>
							</SentenceDate>
							<Plea>PleadGuilty</Plea>
							<PleaDate>
								<DateText>2005-10-15</DateText>
							</PleaDate>
							<ChargeDispositionCode>FoundGuilty</ChargeDispositionCode>
							<DispositionDate>
								<DateText>2005-10-15</DateText>
							</DispositionDate>
							<FilingDate>
								<DateText>2005-10-15</DateText>
							</FilingDate>
							<ConvictedOf>Assaulting and battering a fellow man.</ConvictedOf>
						</CriminalCharge>
					</ScreeningVendorCriminalCase>
					<SearchFee>
					<oa:Amount currencyID="USD">5.20</oa:Amount>
					<oa:Description>Copy Fee</oa:Description>
					</SearchFee>
				</CourtResult>
				<ScreeningVendorAdmittedCharge>
					<AdmittedChargesID>1234</AdmittedChargesID>
					<ReviewedIndicator>true</ReviewedIndicator>
					<LocatedIndicator>true</LocatedIndicator>
				</ScreeningVendorAdmittedCharge>
			</ScreeningVendorCourtReport>
			<Attachment>
				<AttachmentID schemeAgencyName="Provider">99882</AttachmentID>
				<oa:EmbeddedData mimeCode="">UjBsR09EbGhjZ0dTQUxNQUFBUUNBRU1tQ1p0dU1GUXhEUzhi</oa:EmbeddedData>
				<oa:FileName>CourtDocs.pdf</oa:FileName>
				<oa:Description>Court Documents</oa:Description>
				<oa:FileType>pdf</oa:FileType>
			</Attachment>
		</ScreeningVendorReport>
	</DataArea>
</ChangeScreeningVendorReport>
