<?xml version="1.0" encoding="UTF-8"?>
<!--This ConfirmBod will acknowledge receipt of the GetScreeningVendorReport-->
<ConfirmBOD systemEnvironmentCode="Production" releaseID="3.2" languageCode="en-US" xsi:schemaLocation="http://www.openapplications.org/oagis/9 ..\..\..\org_openapplications_platform\1_2\BODs\ConfirmBOD.xsd" xmlns="http://www.openapplications.org/oagis/9" xmlns:xsi="http://www.w3.org/2001/XMLSchema-instance">
	<ApplicationArea>
		<Sender>
			<LogicalID>CRAServerName</LogicalID>
		</Sender>
		<Receiver>
			<LogicalID>ProviderServerName</LogicalID>
		</Receiver>
		<CreationDateTime>2011-03-01T19:20:30.49</CreationDateTime>
		<!-- BODID in the ApplicationArea will be unique for every BOD -->
		<BODID>EA83659F-DEF2-456C-B9C0-9D33A2F7C0104</BODID>
	</ApplicationArea>
	<DataArea>
		<Confirm>
			<OriginalApplicationArea>
				<Sender>
					<LogicalID>ProviderServerName</LogicalID>
					<TaskID>LateResponse</TaskID>
					<ConfirmationCode>Always</ConfirmationCode>
				</Sender>
				<Receiver>
					<LogicalID>CRAServerName</LogicalID>
				</Receiver>
				<CreationDateTime>2011-03-01T19:20:31.35</CreationDateTime>
				<!-- BODID in the BODID from the original GetScreeningVendorReport -->
				<BODID>EA83659F-DEF2-456C-B9C0-9D33A2F7C0103</BODID>
			</OriginalApplicationArea>
			<ResponseCriteria>
				<ResponseExpression actionCode="Accepted" expressionLanguage="XPATH">/ConfirmBOD/DataArea/BOD/BODSuccessMessage/NounSuccessMessage</ResponseExpression>
			</ResponseCriteria>
		</Confirm>
		<BOD>
			<BODSuccessMessage>
				<NounSuccessMessage/>
			</BODSuccessMessage>
		</BOD>
	</DataArea>
</ConfirmBOD>
