<?xml version="1.0" encoding="UTF-8"?>
<!--Sample XML file generated by XMLSpy v2011 rel. 2 sp1 (http://www.altova.com)-->
<ChangeScreeningVendorReport systemEnvironmentCode="Production" releaseID="3.2" xsi:schemaLocation="http://www.hr-xml.org/3 ../Developer/BODs/ChangeScreeningVendorReport.xsd" xmlns="http://www.hr-xml.org/3" xmlns:oa="http://www.openapplications.org/oagis/9" xmlns:xsi="http://www.w3.org/2001/XMLSchema-instance">
	<oa:ApplicationArea>
		<oa:Sender>
			<oa:LogicalID>ProviderServerName</oa:LogicalID>
			<oa:ComponentID>ORDER PROCESSING</oa:ComponentID>
			<oa:TaskID>Message</oa:TaskID>
			<oa:ConfirmationCode>Always</oa:ConfirmationCode>
		</oa:Sender>
		<oa:Receiver>
			<oa:LogicalID>CRAServerName</oa:LogicalID>
			<oa:ComponentID>ORDER PROCESSING</oa:ComponentID>
			<oa:ID schemeAgencyID="CRAName">123123123</oa:ID>
		</oa:Receiver>
		<oa:CreationDateTime>2011-03-01</oa:CreationDateTime>
		<oa:BODID>EA83659F-DEF2-456C-B9C0-9D33A2F7C011</oa:BODID>
	</oa:ApplicationArea>
	<DataArea>
		<oa:Change>
			<oa:ActionCriteria>
				<oa:ActionExpression expressionLanguage="XPATH" actionCode="Accepted">/ChangeScreeningVendorReport/DataArea/ScreeningVendorReport/ScreeningMessage</oa:ActionExpression>
			</oa:ActionCriteria>
		</oa:Change>
		<ScreeningVendorReport majorVersionID="1" minorVersionID="0">
			<DocumentID schemeAgencyName="CRA" schemeName="OrderId">103820-01-002</DocumentID>
			<AlternateDocumentID schemeAgencyName="Provider" schemeName="OrderId">23848921</AlternateDocumentID>
			<UserID schemeAgencyName="CRA">ProvidersUserID</UserID>
			<AccessCredential>
				<AccessCredentialTypeCode>Password</AccessCredentialTypeCode>
				<AccessCredentialValue>Th3B3stP@ssword</AccessCredentialValue>
			</AccessCredential>
			<ScreeningMessage>
				<ID schemeAgencyName="Provider" schemeName="Message_ID">34234</ID>
				<oa:Description>The court house had a flood and some records were damaged.  They are looking in an alternative place for them.</oa:Description>
			</ScreeningMessage>
		</ScreeningVendorReport>
	</DataArea>
</ChangeScreeningVendorReport>
