<?xml version="1.0" encoding="UTF-8"?>
<!--Sample XML file generated by XMLSpy v2011 rel. 2 sp1 (http://www.altova.com)-->
<ShowScreeningVendorOrder systemEnvironmentCode="Production" releaseID="3.2" languageCode="en-US" xsi:schemaLocation="http://www.hr-xml.org/3 ../Developer/BODs/ShowScreeningVendorOrder.xsd" xmlns="http://www.hr-xml.org/3" xmlns:oa="http://www.openapplications.org/oagis/9" xmlns:xsi="http://www.w3.org/2001/XMLSchema-instance">
	<oa:ApplicationArea>
		<oa:Sender>
			<oa:LogicalID>ProviderServerName</oa:LogicalID>
			<oa:ComponentID>ORDER PROCESSING</oa:ComponentID>
			<oa:TaskID>Message</oa:TaskID>
			<oa:ConfirmationCode>Always</oa:ConfirmationCode>
		</oa:Sender>
		<oa:Receiver>
			<oa:LogicalID>CRAServerName</oa:LogicalID>
			<oa:ComponentID>ORDER PROCESSING</oa:ComponentID>
			<oa:ID schemeAgencyID="CRAName">123123123</oa:ID>
		</oa:Receiver>
		<oa:CreationDateTime>2011-03-01</oa:CreationDateTime>
		<oa:BODID>EA83659F-DEF2-456C-B9C0-9D33A2F7C0122</oa:BODID>
	</oa:ApplicationArea>
	<DataArea>
		<oa:Show>
			<oa:OriginalApplicationArea>
				<oa:Sender>
					<oa:LogicalID>ProviderServerName</oa:LogicalID>
					<oa:ComponentID>ORDER PROCESSING</oa:ComponentID>
					<oa:TaskID>Message</oa:TaskID>
					<oa:ConfirmationCode>Always</oa:ConfirmationCode>
				</oa:Sender>
				<oa:Receiver>
					<oa:LogicalID>CRAServerName</oa:LogicalID>
					<oa:ComponentID>ORDER PROCESSING</oa:ComponentID>
					<oa:ID schemeAgencyID="CRAName">123123123</oa:ID>
				</oa:Receiver>
				<oa:CreationDateTime>2011-03-01</oa:CreationDateTime>
				<oa:BODID>EA83659F-DEF2-456C-B9C0-9D33A2F7C0121</oa:BODID>
			</oa:OriginalApplicationArea>
		</oa:Show>
		<ScreeningVendorOrder majorVersionID="1" minorVersionID="0">
			<DocumentID schemeAgencyName="CRA" schemeName="OrderId">103820-01-002</DocumentID>
			<AlternateDocumentID schemeAgencyName="Provider" schemeName="OrderId">23848921</AlternateDocumentID>
			<ScreeningMessage>
				<ID schemeAgencyName="CRA">22211</ID>
				<!--The following Message_ID is reference to the Provider's Message ID which illustrates how to connect messages in a thread-->
				<ReplyToMessageID schemeAgencyName="Provider" schemeName="Message_ID">34234</ReplyToMessageID>
				<oa:Description>Yes, please check the archive too.</oa:Description>
			</ScreeningMessage>
		</ScreeningVendorOrder>
	</DataArea>
</ShowScreeningVendorOrder>
