<?xml version="1.0" encoding="UTF-8"?>
<!--Sample XML file generated by XMLSpy v2009 sp1 (http://www.altova.com)-->
<ShowScreeningVendorReport systemEnvironmentCode="Production" releaseID="3.2" xsi:schemaLocation="http://www.hr-xml.org/3 ../Developer/BODs/ShowScreeningVendorReport.xsd" xmlns="http://www.hr-xml.org/3" xmlns:oa="http://www.openapplications.org/oagis/9" xmlns:xsi="http://www.w3.org/2001/XMLSchema-instance">
	<oa:ApplicationArea>
		<oa:Sender>
			<oa:LogicalID>CRAServerName</oa:LogicalID>
			<oa:ComponentID>ORDER PROCESSING</oa:ComponentID>
			<oa:TaskID>Late</oa:TaskID>
			<oa:ConfirmationCode>Always</oa:ConfirmationCode>
		</oa:Sender>
		<oa:Receiver>
			<oa:LogicalID>ProviderServerName</oa:LogicalID>
			<oa:ComponentID>ORDER PROCESSING</oa:ComponentID>
			<oa:ID schemeAgencyID="ProviderName">123</oa:ID>
		</oa:Receiver>
		<oa:CreationDateTime>2011-03-01</oa:CreationDateTime>
		<oa:BODID>EA83659F-DEF2-456C-B9C0-9D33A2F7C0102</oa:BODID>
	</oa:ApplicationArea>
	<DataArea>
		<oa:Show recordSetTotal="14" recordSetCount="3" recordSetCompleteIndicator="false">
			<oa:OriginalApplicationArea>
				<oa:Sender>
					<oa:LogicalID>ProviderServerName</oa:LogicalID>
					<oa:ComponentID>ORDER PROCESSING</oa:ComponentID>
					<oa:TaskID>Late</oa:TaskID>
					<oa:ConfirmationCode>Always</oa:ConfirmationCode>
				</oa:Sender>
				<oa:Receiver>
					<oa:LogicalID>CRAServerName</oa:LogicalID>
					<oa:ComponentID>ORDER PROCESSING</oa:ComponentID>
					<oa:ID schemeAgencyID="CRAName">123123123</oa:ID>
				</oa:Receiver>
				<oa:CreationDateTime>2011-03-01</oa:CreationDateTime>
				<oa:BODID>EA83659F-DEF2-456C-B9C0-9D33A2F7C0101</oa:BODID>
			</oa:OriginalApplicationArea>
			<oa:ResponseCriteria>
				<oa:ResponseExpression expressionLanguage="XPATH" actionCode="Accepted">/ShowScreeningVendorOrder/DataArea/ScreeningVendorOrder/EstimatedOrderCompletedDate</oa:ResponseExpression>
			</oa:ResponseCriteria>
		</oa:Show>
		<ScreeningVendorReport majorVersionID="1" minorVersionID="0">
			<DocumentID schemeAgencyName="CRA" schemeName="OrderId">103820-01-002</DocumentID>
			<AlternateDocumentID schemeAgencyName="Provider" schemeName="Order_ID">123123123</AlternateDocumentID>
			<AlternateDocumentID schemeAgencyName="CRA" schemeName="ETARequest_ID">23342</AlternateDocumentID>
		</ScreeningVendorReport>
		<ScreeningVendorReport>
			<DocumentID schemeAgencyName="CRA" schemeName="OrderId">104000-04-001</DocumentID>
			<AlternateDocumentID schemeAgencyName="Provider" schemeName="Order_ID">123123222</AlternateDocumentID>
			<AlternateDocumentID schemeAgencyName="CRA" schemeName="ETARequest_ID">23343</AlternateDocumentID>
		</ScreeningVendorReport>
		<ScreeningVendorReport>
			<DocumentID schemeAgencyName="CRA" schemeName="OrderId">105000-03-001</DocumentID>
			<AlternateDocumentID schemeAgencyName="Provider" schemeName="Order_ID">123123332</AlternateDocumentID>
			<AlternateDocumentID schemeAgencyName="CRA" schemeName="ETARequest_ID">23344</AlternateDocumentID>
		</ScreeningVendorReport>
	</DataArea>
</ShowScreeningVendorReport>
