<?xml version="1.0" encoding="UTF-8"?>
<!--Sample XML file generated by XMLSpy v2011 rel. 2 sp1 (http://www.altova.com)-->
<GetScreeningVendorOrder systemEnvironmentCode="Production" releaseID="3.2" languageCode="en-US" xsi:schemaLocation="http://www.hr-xml.org/3 ../Developer/BODs/GetScreeningVendorOrder.xsd" xmlns="http://www.hr-xml.org/3" xmlns:oa="http://www.openapplications.org/oagis/9" xmlns:xsi="http://www.w3.org/2001/XMLSchema-instance">
	<oa:ApplicationArea>
		<oa:Sender>
			<oa:LogicalID>ProviderServerName</oa:LogicalID>
			<oa:ComponentID>ORDER PROCESSING</oa:ComponentID>
			<oa:TaskID>Message</oa:TaskID>
			<oa:ConfirmationCode>Always</oa:ConfirmationCode>
		</oa:Sender>
		<oa:Receiver>
			<oa:LogicalID>CRAServerName</oa:LogicalID>
			<oa:ComponentID>ORDER PROCESSING</oa:ComponentID>
			<oa:ID schemeAgencyName="CRAName">123123123</oa:ID>
		</oa:Receiver>
		<oa:CreationDateTime>2011-03-01</oa:CreationDateTime>
		<oa:BODID>EA83659F-DEF2-456C-B9C0-9D33A2F7C0121</oa:BODID>
	</oa:ApplicationArea>
	<DataArea>
		<oa:Get uniqueIndicator="true" maxItems="1" recordSetStartNumber="1">
			<oa:Expression expressionLanguage="XPATH">/GetScreeningVendorOrder/DataArea/ScreeningVendorOrder/ScreeningMessage</oa:Expression>
		</oa:Get>
		<ScreeningVendorOrder majorVersionID="1" minorVersionID="0">
			<UserID schemeAgencyName="Provider">CRAsUserID</UserID>
			<AccessCredential>
				<AccessCredentialTypeCode>Password</AccessCredentialTypeCode>
				<AccessCredentialValue>Th3B3stP@ssword</AccessCredentialValue>
				<UserArea/>
			</AccessCredential>
		</ScreeningVendorOrder>
	</DataArea>
</GetScreeningVendorOrder>